dates,prices
01-Jul-1833,18.93
01-Aug-1833,18.93
01-Sep-1833,18.93
01-Oct-1833,18.93
01-Nov-1833,18.93
01-Dec-1833,18.93
01-Jan-1834,18.93
01-Feb-1834,18.93
01-Mar-1834,18.93
01-Apr-1834,18.93
01-May-1834,18.93
01-Jun-1834,18.93
01-Jul-1834,18.93
01-Aug-1834,18.93
01-Sep-1834,18.93
01-Oct-1834,18.93
01-Nov-1834,18.93
01-Dec-1834,18.93
01-Jan-1835,18.93
01-Feb-1835,18.93
01-Mar-1835,18.93
01-Apr-1835,18.93
01-May-1835,18.93
01-Jun-1835,18.93
01-Jul-1835,18.93
01-Aug-1835,18.93
01-Sep-1835,18.93
01-Oct-1835,18.93
01-Nov-1835,18.93
01-Dec-1835,18.93
01-Jan-1836,18.93
01-Feb-1836,18.93
01-Mar-1836,18.93
01-Apr-1836,18.93
01-May-1836,18.93
01-Jun-1836,18.93
01-Jul-1836,18.93
01-Aug-1836,18.93
01-Sep-1836,18.93
01-Oct-1836,18.93
01-Nov-1836,18.93
01-Dec-1836,18.93
01-Jan-1837,18.93
01-Feb-1837,18.93
01-Mar-1837,18.93
01-Apr-1837,18.93
01-May-1837,18.93
01-Jun-1837,18.93
01-Jul-1837,18.93
01-Aug-1837,18.93
01-Sep-1837,18.93
01-Oct-1837,18.93
01-Nov-1837,18.93
01-Dec-1837,18.93
01-Jan-1838,18.93
01-Feb-1838,18.93
01-Mar-1838,18.93
01-Apr-1838,18.93
01-May-1838,18.93
01-Jun-1838,18.93
01-Jul-1838,18.93
01-Aug-1838,18.93
01-Sep-1838,18.93
01-Oct-1838,18.93
01-Nov-1838,18.93
01-Dec-1838,18.93
01-Jan-1839,18.93
01-Feb-1839,18.93
01-Mar-1839,18.93
01-Apr-1839,18.93
01-May-1839,18.93
01-Jun-1839,18.93
01-Jul-1839,18.93
01-Aug-1839,18.93
01-Sep-1839,18.93
01-Oct-1839,18.93
01-Nov-1839,18.93
01-Dec-1839,18.93
01-Jan-1840,18.93
01-Feb-1840,18.93
01-Mar-1840,18.93
01-Apr-1840,18.93
01-May-1840,18.93
01-Jun-1840,18.93
01-Jul-1840,18.93
01-Aug-1840,18.93
01-Sep-1840,18.93
01-Oct-1840,18.93
01-Nov-1840,18.93
01-Dec-1840,18.93
01-Jan-1841,18.93
01-Feb-1841,18.93
01-Mar-1841,18.93
01-Apr-1841,18.93
01-May-1841,18.93
01-Jun-1841,18.93
01-Jul-1841,18.93
01-Aug-1841,18.93
01-Sep-1841,18.93
01-Oct-1841,18.93
01-Nov-1841,18.93
01-Dec-1841,18.93
01-Jan-1842,18.93
01-Feb-1842,18.93
01-Mar-1842,18.93
01-Apr-1842,18.93
01-May-1842,18.93
01-Jun-1842,18.93
01-Jul-1842,18.93
01-Aug-1842,18.93
01-Sep-1842,18.93
01-Oct-1842,18.93
01-Nov-1842,18.93
01-Dec-1842,18.93
01-Jan-1843,18.93
01-Feb-1843,18.93
01-Mar-1843,18.93
01-Apr-1843,18.93
01-May-1843,18.93
01-Jun-1843,18.93
01-Jul-1843,18.93
01-Aug-1843,18.93
01-Sep-1843,18.93
01-Oct-1843,18.93
01-Nov-1843,18.93
01-Dec-1843,18.93
01-Jan-1844,18.93
01-Feb-1844,18.93
01-Mar-1844,18.93
01-Apr-1844,18.93
01-May-1844,18.93
01-Jun-1844,18.93
01-Jul-1844,18.93
01-Aug-1844,18.93
01-Sep-1844,18.93
01-Oct-1844,18.93
01-Nov-1844,18.93
01-Dec-1844,18.93
01-Jan-1845,18.93
01-Feb-1845,18.93
01-Mar-1845,18.93
01-Apr-1845,18.93
01-May-1845,18.93
01-Jun-1845,18.93
01-Jul-1845,18.93
01-Aug-1845,18.93
01-Sep-1845,18.93
01-Oct-1845,18.93
01-Nov-1845,18.93
01-Dec-1845,18.93
01-Jan-1846,18.93
01-Feb-1846,18.93
01-Mar-1846,18.93
01-Apr-1846,18.93
01-May-1846,18.93
01-Jun-1846,18.93
01-Jul-1846,18.93
01-Aug-1846,18.93
01-Sep-1846,18.93
01-Oct-1846,18.93
01-Nov-1846,18.93
01-Dec-1846,18.93
01-Jan-1847,18.93
01-Feb-1847,18.93
01-Mar-1847,18.93
01-Apr-1847,18.93
01-May-1847,18.93
01-Jun-1847,18.93
01-Jul-1847,18.93
01-Aug-1847,18.93
01-Sep-1847,18.93
01-Oct-1847,18.93
01-Nov-1847,18.93
01-Dec-1847,18.93
01-Jan-1848,18.93
01-Feb-1848,18.93
01-Mar-1848,18.93
01-Apr-1848,18.93
01-May-1848,18.93
01-Jun-1848,18.93
01-Jul-1848,18.93
01-Aug-1848,18.93
01-Sep-1848,18.93
01-Oct-1848,18.93
01-Nov-1848,18.93
01-Dec-1848,18.93
01-Jan-1849,18.93
01-Feb-1849,18.93
01-Mar-1849,18.93
01-Apr-1849,18.93
01-May-1849,18.93
01-Jun-1849,18.93
01-Jul-1849,18.93
01-Aug-1849,18.93
01-Sep-1849,18.93
01-Oct-1849,18.93
01-Nov-1849,18.93
01-Dec-1849,18.93
01-Jan-1850,18.93
01-Feb-1850,18.93
01-Mar-1850,18.93
01-Apr-1850,18.93
01-May-1850,18.93
01-Jun-1850,18.93
01-Jul-1850,18.93
01-Aug-1850,18.93
01-Sep-1850,18.93
01-Oct-1850,18.93
01-Nov-1850,18.93
01-Dec-1850,18.93
01-Jan-1851,18.93
01-Feb-1851,18.93
01-Mar-1851,18.93
01-Apr-1851,18.93
01-May-1851,18.93
01-Jun-1851,18.93
01-Jul-1851,18.93
01-Aug-1851,18.93
01-Sep-1851,18.93
01-Oct-1851,18.93
01-Nov-1851,18.93
01-Dec-1851,18.93
01-Jan-1852,18.93
01-Feb-1852,18.93
01-Mar-1852,18.93
01-Apr-1852,18.93
01-May-1852,18.93
01-Jun-1852,18.93
01-Jul-1852,18.93
01-Aug-1852,18.93
01-Sep-1852,18.93
01-Oct-1852,18.93
01-Nov-1852,18.93
01-Dec-1852,18.93
01-Jan-1853,18.9299999999999
01-Feb-1853,18.9299999999999
01-Mar-1853,18.9299999999999
01-Apr-1853,18.9299999999999
01-May-1853,18.93
01-Jun-1853,18.93
01-Jul-1853,18.93
01-Aug-1853,18.93
01-Sep-1853,18.9300000000001
01-Oct-1853,18.9300000000001
01-Nov-1853,18.9300000000001
01-Dec-1853,18.9300000000002
01-Jan-1854,18.9300000000002
01-Feb-1854,18.9300000000002
01-Mar-1854,18.9300000000002
01-Apr-1854,18.9300000000002
01-May-1854,18.9300000000001
01-Jun-1854,18.9300000000001
01-Jul-1854,18.93
01-Aug-1854,18.9299999999999
01-Sep-1854,18.9299999999998
01-Oct-1854,18.9299999999996
01-Nov-1854,18.9299999999995
01-Dec-1854,18.9299999999994
01-Jan-1855,18.9299999999993
01-Feb-1855,18.9299999999992
01-Mar-1855,18.9299999999993
01-Apr-1855,18.9299999999993
01-May-1855,18.9299999999995
01-Jun-1855,18.9299999999997
01-Jul-1855,18.93
01-Aug-1855,18.9300000000004
01-Sep-1855,18.9300000000009
01-Oct-1855,18.9300000000014
01-Nov-1855,18.9300000000019
01-Dec-1855,18.9300000000023
01-Jan-1856,18.9300000000027
01-Feb-1856,18.9300000000028
01-Mar-1856,18.9300000000028
01-Apr-1856,18.9300000000026
01-May-1856,18.930000000002
01-Jun-1856,18.9300000000012
01-Jul-1856,18.93
01-Aug-1856,18.9299999999984
01-Sep-1856,18.9299999999966
01-Oct-1856,18.9299999999947
01-Nov-1856,18.9299999999929
01-Dec-1856,18.9299999999913
01-Jan-1857,18.9299999999901
01-Feb-1857,18.9299999999895
01-Mar-1857,18.9299999999896
01-Apr-1857,18.9299999999905
01-May-1857,18.9299999999924
01-Jun-1857,18.9299999999956
01-Jul-1857,18.93
01-Aug-1857,18.9300000000059
01-Sep-1857,18.9300000000128
01-Oct-1857,18.9300000000198
01-Nov-1857,18.9300000000267
01-Dec-1857,18.9300000000324
01-Jan-1858,18.9300000000369
01-Feb-1858,18.9300000000392
01-Mar-1858,18.930000000039
01-Apr-1858,18.9300000000355
01-May-1858,18.9300000000283
01-Jun-1858,18.9300000000164
01-Jul-1858,18.93
01-Aug-1858,18.9299999999778
01-Sep-1858,18.9299999999521
01-Oct-1858,18.9299999999262
01-Nov-1858,18.9299999999005
01-Dec-1858,18.9299999998789
01-Jan-1859,18.9299999998622
01-Feb-1859,18.9299999998536
01-Mar-1859,18.9299999998546
01-Apr-1859,18.9299999998676
01-May-1859,18.9299999998943
01-Jun-1859,18.9299999999387
01-Jul-1859,18.93
01-Aug-1859,18.9300000000828
01-Sep-1859,18.9300000001786
01-Oct-1859,18.9300000002755
01-Nov-1859,18.9300000003716
01-Dec-1859,18.9300000004525
01-Jan-1860,18.9300000005152
01-Feb-1860,18.9300000005482
01-Mar-1860,18.9300000005445
01-Apr-1860,18.9300000004953
01-May-1860,18.9300000003953
01-Jun-1860,18.9300000002293
01-Jul-1860,18.93
01-Aug-1860,18.9299999996906
01-Sep-1860,18.9299999993329
01-Oct-1860,18.9299999989715
01-Nov-1860,18.9299999986138
01-Dec-1860,18.929999998313
01-Jan-1861,18.9299999980806
01-Feb-1861,18.9299999979601
01-Mar-1861,18.9299999979743
01-Apr-1861,18.9299999981561
01-May-1861,18.9299999985278
01-Jun-1861,18.9299999991456
01-Jul-1861,18.93
01-Aug-1861,18.9300000011538
01-Sep-1861,18.9300000024877
01-Oct-1861,18.9300000038361
01-Nov-1861,18.930000005171
01-Dec-1861,18.9300000062936
01-Jan-1862,18.9300000071609
01-Feb-1862,18.9300000076111
01-Mar-1862,18.9300000075585
01-Apr-1862,18.9300000068804
01-May-1862,18.9300000054937
01-Jun-1862,18.9300000031883
01-Jul-1862,18.93
01-Aug-1862,18.9299999956941
01-Sep-1862,18.9299999907161
01-Oct-1862,18.9299999856841
01-Nov-1862,18.9299999807023
01-Dec-1862,18.9299999765127
01-Jan-1863,18.9299999732757
01-Feb-1863,18.9299999715956
01-Mar-1863,18.9299999717918
01-Apr-1863,18.9299999743224
01-May-1863,18.9299999794974
01-Jun-1863,18.9299999881014
01-Jul-1863,18.93
01-Aug-1863,18.9300000160709
01-Sep-1863,18.9300000346564
01-Oct-1863,18.9300000534549
01-Nov-1863,18.9300000720853
01-Dec-1863,18.9300000877814
01-Jan-1864,18.9300000999552
01-Feb-1864,18.9300001063561
01-Mar-1864,18.9300001056303
01-Apr-1864,18.9300000960877
01-May-1864,18.9300000766803
01-Jun-1864,18.9300000444801
01-Jul-1864,18.93
01-Aug-1864,18.9299999399683
01-Sep-1864,18.9299998705935
01-Oct-1864,18.9299998004833
01-Nov-1864,18.9299997310838
01-Dec-1864,18.9299996727306
01-Jan-1865,18.9299996276536
01-Feb-1865,18.9299996042679
01-Mar-1865,18.9299996070197
01-Apr-1865,18.9299996422895
01-May-1865,18.9299997143919
01-Jun-1865,18.9299998342536
01-Jul-1865,18.93
01-Aug-1865,18.9300002238405
01-Sep-1865,18.9300004826115
01-Oct-1865,18.9300007441829
01-Nov-1865,18.9300010031453
01-Dec-1865,18.9300012209211
01-Jan-1866,18.930001389181
01-Feb-1866,18.9300014765129
01-Mar-1866,18.930001466308
01-Apr-1866,18.9300013347614
01-May-1866,18.9300010657544
01-Jun-1866,18.9300006185058
01-Jul-1866,18.93
01-Aug-1866,18.9299991646698
01-Sep-1866,18.9299981989606
01-Oct-1866,18.9299972227849
01-Nov-1866,18.929996256335
01-Dec-1866,18.9299954435851
01-Jan-1867,18.9299948156224
01-Feb-1867,18.9299944896804
01-Mar-1867,18.9299945277483
01-Apr-1867,18.929995018665
01-May-1867,18.9299960225904
01-Jun-1867,18.9299976917231
01-Jul-1867,18.93
01-Aug-1867,18.9300031176837
01-Sep-1867,18.9300067231722
01-Oct-1867,18.9300103699897
01-Nov-1867,18.9300139842101
01-Dec-1867,18.9300170291729
01-Jan-1868,18.9300193908284
01-Feb-1868,18.9300206325673
01-Mar-1868,18.9300204917663
01-Apr-1868,18.9300186405443
01-May-1868,18.9300148756095
01-Jun-1868,18.930008628919
01-Jul-1868,18.93
01-Aug-1868,18.9299883541426
01-Sep-1868,18.9299748957601
01-Oct-1868,18.9299612947188
01-Nov-1868,18.9299478315471
01-Dec-1868,18.9299365113133
01-Jan-1869,18.9299277665993
01-Feb-1869,18.9299232298814
01-Mar-1869,18.9299237637232
01-Apr-1869,18.9299306058931
01-May-1869,18.9299445933955
01-Jun-1869,18.9299678459948
01-Jul-1869,18.93
01-Aug-1869,18.9300434239751
01-Sep-1869,18.9300936243036
01-Oct-1869,18.9301443679058
01-Nov-1869,18.9301946053584
01-Dec-1869,18.9302368528067
01-Jan-1870,18.9302694944171
01-Feb-1870,18.9302864363912
01-Mar-1870,18.9302844566876
01-Apr-1870,18.9302589372721
01-May-1870,18.9302067512267
01-Jun-1870,18.9301199871514
01-Jul-1870,18.93
01-Aug-1870,18.9298379499571
01-Sep-1870,18.9296506070256
01-Oct-1870,18.9294612336578
01-Nov-1870,18.9292737470194
01-Dec-1870,18.9291160774599
01-Jan-1871,18.9289942557322
01-Feb-1871,18.9289310245539
01-Mar-1871,18.9289384095263
01-Apr-1871,18.9290336450185
01-May-1871,18.9292284016977
01-Jun-1871,18.9295522053996
01-Jul-1871,18.93
01-Aug-1871,18.9306108919611
01-Sep-1871,18.9313528737099
01-Oct-1871,18.9321705535406
01-Nov-1871,18.9330924220821
01-Dec-1871,18.9340340957002
01-Jan-1872,18.9350323312762
01-Feb-1872,18.9360297044193
01-Mar-1872,18.9369382668929
01-Apr-1872,18.9378580210827
01-May-1872,18.9386728336157
01-Jun-1872,18.9394110039674
01-Jul-1872,18.94
01-Aug-1872,18.9404603553236
01-Sep-1872,18.940779881433
01-Oct-1872,18.9409710205211
01-Nov-1872,18.9410630572506
01-Dec-1872,18.9410658882054
01-Jan-1873,18.9409962441728
01-Feb-1873,18.9408696543641
01-Mar-1873,18.9407205062503
01-Apr-1873,18.940532491396
01-May-1873,18.9403431288663
01-Jun-1873,18.9401563365495
01-Jul-1873,18.94
01-Aug-1873,18.9398766471799
01-Sep-1873,18.9397910292807
01-Oct-1873,18.9397398125678
01-Nov-1873,18.9397151502632
01-Dec-1873,18.9397143907549
01-Jan-1874,18.9397330510783
01-Feb-1874,18.9397669703318
01-Mar-1874,18.9398069344932
01-Apr-1874,18.9398573134992
01-May-1874,18.9399080542174
01-Jun-1874,18.9399581070318
01-Jul-1874,18.94
01-Aug-1874,18.9400330559567
01-Sep-1874,18.9400560014444
01-Oct-1874,18.9400697292079
01-Nov-1874,18.9400763416964
01-Dec-1874,18.9400765487751
01-Jan-1875,18.9400715515141
01-Feb-1875,18.9400624643088
01-Mar-1875,18.9400517557769
01-Apr-1875,18.9400382546072
01-May-1875,18.9400246542642
01-Jun-1875,18.9400112353233
01-Jul-1875,18.94
01-Aug-1875,18.9399911289384
01-Sep-1875,18.9399849645027
01-Oct-1875,18.9399812691656
01-Nov-1875,18.9399794795215
01-Dec-1875,18.9399794075439
01-Jan-1876,18.9399807313845
01-Feb-1876,18.9399831541167
01-Mar-1876,18.939986126816
01-Apr-1876,18.9399897510475
01-May-1876,18.9399933975322
01-Jun-1876,18.9399969923195
01-Jul-1876,18.94
01-Aug-1876,18.9400023729311
01-Sep-1876,18.9400040199058
01-Oct-1876,18.9400050050742
01-Nov-1876,18.9400054793942
01-Dec-1876,18.9400054938963
01-Jan-1877,18.9400051348273
01-Feb-1877,18.94000448225
01-Mar-1877,18.9400037134304
01-Apr-1877,18.9400027443125
01-May-1877,18.940001768305
01-Jun-1877,18.9400008056206
01-Jul-1877,18.94
01-Aug-1877,18.9399993644933
01-Sep-1877,18.9399989235556
01-Oct-1877,18.9399986599524
01-Nov-1877,18.939998533227
01-Dec-1877,18.9399985296508
01-Jan-1878,18.9399986261023
01-Feb-1878,18.939998801084
01-Mar-1878,18.9399990070741
01-Apr-1878,18.9399992665614
01-May-1878,18.9399995276994
01-Jun-1878,18.939999785014
01-Jul-1878,18.94
01-Aug-1878,18.9400001690958
01-Sep-1878,18.9400002858717
01-Oct-1878,18.940000355116
01-Nov-1878,18.9400003876978
01-Dec-1878,18.9400003875005
01-Jan-1879,18.9400003607635
01-Feb-1879,18.9400003134139
01-Mar-1879,18.9400002582731
01-Apr-1879,18.9400001894417
01-May-1879,18.9400001208974
01-Jun-1879,18.9400000543234
01-Jul-1879,18.94
01-Aug-1879,18.9399999591234
01-Sep-1879,18.939999932958
01-Oct-1879,18.9399999195845
01-Nov-1879,18.9399999159837
01-Dec-1879,18.9399999203512
01-Jan-1880,18.9399999308505
01-Feb-1880,18.9399999452715
01-Mar-1880,18.939999960376
01-Apr-1880,18.9399999761772
01-May-1880,18.939999989115
01-Jun-1880,18.9399999979243
01-Jul-1880,18.94
01-Aug-1880,18.9399999941088
01-Sep-1880,18.9399999816548
01-Oct-1880,18.9399999655674
01-Nov-1880,18.9399999470612
01-Dec-1880,18.9399999295195
01-Jan-1881,18.9399999140602
01-Feb-1881,18.9399999036364
01-Mar-1881,18.939999900504
01-Apr-1881,18.9399999061562
01-May-1881,18.9399999228922
01-Jun-1881,18.9399999541152
01-Jul-1881,18.94
01-Aug-1881,18.9400000642999
01-Sep-1881,18.940000140148
01-Oct-1881,18.9400002177557
01-Nov-1881,18.9400002952813
01-Dec-1881,18.9400003610077
01-Jan-1882,18.9400004123013
01-Feb-1882,18.9400004395682
01-Mar-1882,18.9400004375492
01-Apr-1882,18.9400003991739
01-May-1882,18.9400003193088
01-Jun-1882,18.9400001856141
01-Jul-1882,18.94
01-Aug-1882,18.9399997486916
01-Sep-1882,18.9399994577531
01-Oct-1882,18.9399991634099
01-Nov-1882,18.9399988718137
01-Dec-1882,18.9399986264495
01-Jan-1883,18.9399984367344
01-Feb-1883,18.9399983380909
01-Mar-1883,18.939998349299
01-Apr-1883,18.9399984971484
01-May-1883,18.9399987998727
01-Jun-1883,18.9399993034283
01-Jul-1883,18.94
01-Aug-1883,18.9400009409949
01-Sep-1883,18.9400020293303
01-Oct-1883,18.9400031302086
01-Nov-1883,18.9400042212965
01-Dec-1883,18.9400051405707
01-Jan-1884,18.9400058535911
01-Feb-1884,18.9400062285373
01-Mar-1884,18.9400061861083
01-Apr-1884,18.9400056273196
01-May-1884,18.9400044907803
01-Jun-1884,18.9400026049961
01-Jul-1884,18.94
01-Aug-1884,18.9399964841715
01-Sep-1884,18.9399924211212
01-Oct-1884,18.9399883149846
01-Nov-1884,18.9399842504573
01-Dec-1884,18.9399808328721
01-Jan-1885,18.9399781928279
01-Feb-1885,18.9399768231726
01-Mar-1885,18.9399769843194
01-Apr-1885,18.939979049949
01-May-1885,18.9399832727587
01-Jun-1885,18.9399902927073
01-Jul-1885,18.94
01-Aug-1885,18.9400131097081
01-Sep-1885,18.9400282652068
01-Oct-1885,18.9400435847248
01-Nov-1885,18.9400587514395
01-Dec-1885,18.9400715059703
01-Jan-1886,18.9400813604953
01-Feb-1886,18.9400864752924
01-Mar-1886,18.9400858776241
01-Apr-1886,18.9400781733036
01-May-1886,18.9400624183111
01-Jun-1886,18.9400362241898
01-Jul-1886,18.94
01-Aug-1886,18.939951076996
01-Sep-1886,18.9398945180518
01-Oct-1886,18.9398373461164
01-Nov-1886,18.9397807437848
01-Dec-1886,18.9397331432469
01-Jan-1887,18.939696365191
01-Feb-1887,18.9396772756578
01-Mar-1887,18.9396795051841
01-Apr-1887,18.9397082568364
01-May-1887,18.9397670539969
01-Jun-1887,18.9398648105337
01-Jul-1887,18.94
01-Aug-1887,18.9401825942113
01-Sep-1887,18.9403937578124
01-Oct-1887,18.9406073419423
01-Nov-1887,18.9408190169496
01-Dec-1887,18.9409973520973
01-Jan-1888,18.941135667802
01-Feb-1888,18.9412083930546
01-Mar-1888,18.9412001467223
01-Apr-1888,18.9410917257136
01-May-1888,18.9408712237776
01-Jun-1888,18.940505372192
01-Jul-1888,18.94
01-Aug-1888,18.9393118075588
01-Sep-1888,18.9384807019758
01-Oct-1888,18.9375730030141
01-Nov-1888,18.9365619554898
01-Dec-1888,18.9355451022862
01-Jan-1889,18.9344884112702
01-Feb-1889,18.9334599916185
01-Mar-1889,18.9325842466301
01-Apr-1889,18.9317054581125
01-May-1889,18.9309774573527
01-Jun-1889,18.9303854690469
01-Jul-1889,18.93
01-Aug-1889,18.9298217623759
01-Sep-1889,18.929864905069
01-Oct-1889,18.9301085825593
01-Nov-1889,18.9305598877257
01-Dec-1889,18.9311809433266
01-Jan-1890,18.9320040007817
01-Feb-1890,18.9330020280445
01-Mar-1890,18.9340460405759
01-Apr-1890,18.9353510955744
01-May-1890,18.9367547493373
01-Jun-1890,18.9383414264951
01-Jul-1890,18.94
01-Aug-1890,18.9418278181729
01-Sep-1890,18.9437418730249
01-Oct-1890,18.9456444294224
01-Nov-1890,18.9476293987862
01-Dec-1890,18.9495372013654
01-Jan-1891,18.9514620983261
01-Feb-1891,18.9533062685318
01-Mar-1891,18.9548744453376
01-Apr-1891,18.9564715127954
01-May-1891,18.9578470330635
01-Jun-1891,18.9590597818205
01-Jul-1891,18.96
01-Aug-1891,18.9607088229944
01-Sep-1891,18.9611738503265
01-Oct-1891,18.9614241990541
01-Nov-1891,18.9615100889201
01-Dec-1891,18.9614580741649
01-Jan-1892,18.9612982169655
01-Feb-1892,18.9610645911585
01-Mar-1892,18.9608097718031
01-Apr-1892,18.9605312330804
01-May-1892,18.9602873758059
01-Jun-1892,18.9600954726556
01-Jul-1892,18.96
01-Aug-1892,18.9600172268861
01-Sep-1892,18.9601320138749
01-Oct-1892,18.9603068595066
01-Nov-1892,18.9605233204344
01-Dec-1892,18.9607386192911
01-Jan-1893,18.9609370096114
01-Feb-1893,18.9610803267681
01-Mar-1893,18.9611367141304
01-Apr-1893,18.9610897747465
01-May-1893,18.960906742578
01-Jun-1893,18.9605453157582
01-Jul-1893,18.96
01-Aug-1893,18.9592121015676
01-Sep-1893,18.9582042003451
01-Oct-1893,18.9570340680744
01-Nov-1893,18.955638914838
01-Dec-1893,18.9541233184039
01-Jan-1894,18.9524014579107
01-Feb-1894,18.9505367684468
01-Mar-1894,18.9487427746363
01-Apr-1894,18.946649449156
01-May-1894,18.944530721399
01-Jun-1894,18.9422605617487
01-Jul-1894,18.94
01-Aug-1894,18.9376240540295
01-Sep-1894,18.9352752313031
01-Oct-1894,18.9331020868368
01-Nov-1894,18.9310362986719
01-Dec-1894,18.9292844230382
01-Jan-1895,18.9278062225658
01-Feb-1895,18.9267433462243
01-Mar-1895,18.9262057337247
01-Apr-1895,18.9261506170891
01-May-1895,18.9267093399432
01-Jun-1895,18.9279957048162
01-Jul-1895,18.93
01-Aug-1895,18.9328948283801
01-Sep-1895,18.9365174533652
01-Oct-1895,18.9405779352141
01-Nov-1895,18.9452041210259
01-Dec-1895,18.9499608062751
01-Jan-1896,18.9550222516206
01-Feb-1896,18.9600871041511
01-Mar-1896,18.9646982605894
01-Apr-1896,18.9693527599342
01-May-1896,18.9734516381066
01-Jun-1896,18.9771253019605
01-Jul-1896,18.98
01-Aug-1896,18.9821668397408
01-Sep-1896,18.9835824989881
01-Oct-1896,18.9843381489626
01-Nov-1896,18.9845884100678
01-Dec-1896,18.9844169209301
01-Jan-1897,18.983916492679
01-Feb-1897,18.9831934955368
01-Mar-1897,18.9824382519637
01-Apr-1897,18.9815875580946
01-May-1897,18.9808473581149
01-Jun-1897,18.9802725490976
01-Jul-1897,18.98
01-Aug-1897,18.9800815757309
01-Sep-1897,18.9804677845241
01-Oct-1897,18.981039140122
01-Nov-1897,18.9817382052633
01-Dec-1897,18.9824284377223
01-Jan-1898,18.9830603253617
01-Feb-1898,18.983512433123
01-Mar-1898,18.9836846240259
01-Apr-1898,18.9835234091397
01-May-1898,18.9829259159927
01-Jun-1898,18.9817567840739
01-Jul-1898,18.98
01-Aug-1898,18.9774823516714
01-Sep-1898,18.9743503176014
01-Oct-1898,18.9708647525782
01-Nov-1898,18.9669280454401
01-Dec-1898,18.9629231725114
01-Jan-1899,18.9587179021034
01-Feb-1899,18.9545816022486
01-Mar-1899,18.951020039631
01-Apr-1899,18.9473975302351
01-May-1899,18.9443388606701
01-Jun-1899,18.9417748794716
01-Jul-1899,18.94
01-Aug-1899,18.9389928976195
01-Sep-1899,18.9387750835012
01-Oct-1899,18.9392328248183
01-Nov-1899,18.9403108933315
01-Dec-1899,18.9418576597914
01-Jan-1900,18.9438904976351
01-Feb-1900,18.9462778211646
01-Mar-1900,18.9486655225524
01-Apr-1900,18.9514841219506
01-May-1900,18.9543066948054
01-Jun-1900,18.9572356683135
01-Jul-1900,18.96
01-Aug-1900,18.9627118138971
01-Sep-1900,18.9652571194166
01-Oct-1900,18.9675555450199
01-Nov-1900,18.9697538761096
01-Dec-1900,18.9717041175137
01-Jan-1901,18.9735298423549
01-Feb-1901,18.9751563870323
01-Mar-1901,18.976448818267
01-Apr-1901,18.9776779893557
01-May-1901,18.9786596327315
01-Jun-1901,18.9794527483154
01-Jul-1901,18.98
01-Aug-1901,18.9803332483658
01-Sep-1901,18.9804329664906
01-Oct-1901,18.9803111669663
01-Nov-1901,18.9799639158155
01-Dec-1901,18.9794176232649
01-Jan-1902,18.9786400558022
01-Feb-1902,18.9776501849212
01-Mar-1902,18.9765772061123
01-Apr-1902,18.9751951560741
01-May-1902,18.9736673918149
01-Jun-1902,18.9718962483751
01-Jul-1902,18.97
01-Aug-1902,18.9678661882005
01-Sep-1902,18.9656081177811
01-Oct-1902,18.9633638541866
01-Nov-1902,18.9610450323311
01-Dec-1902,18.9588598859139
01-Jan-1903,18.9567239909941
01-Feb-1903,18.9547744438825
01-Mar-1903,18.9532260801545
01-Apr-1903,18.9518050638736
01-May-1903,18.9507806343863
01-Jun-1903,18.9501457488802
01-Jul-1903,18.95
01-Aug-1903,18.9503662864633
01-Sep-1903,18.9511774804339
01-Oct-1903,18.9522835553438
01-Nov-1903,18.9536522680438
01-Dec-1903,18.9550938665813
01-Jan-1904,18.956598476049
01-Feb-1904,18.9580105694916
01-Mar-1904,18.9591513460631
01-Apr-1904,18.9600750432684
01-May-1904,18.9605776273017
01-Jun-1904,18.9605866222885
01-Jul-1904,18.96
01-Aug-1904,18.9587041942569
01-Sep-1904,18.9567568353302
01-Oct-1904,18.9543275170185
01-Nov-1904,18.9513323923664
01-Dec-1904,18.9480394616128
01-Jan-1905,18.9443073036398
01-Feb-1905,18.9403196698268
01-Mar-1905,18.9365651014642
01-Apr-1905,18.9323129525634
01-May-1905,18.9281757354646
01-Jun-1905,18.9239557432936
01-Jul-1905,18.92
01-Aug-1905,18.9161170520595
01-Sep-1905,18.912492371907
01-Oct-1905,18.9092730785327
01-Nov-1905,18.9062885271984
01-Dec-1905,18.9037733633129
01-Jan-1906,18.9016038841039
01-Feb-1906,18.8999156654553
01-Mar-1906,18.8988420582962
01-Apr-1906,18.8981946123417
01-May-1906,18.898150706751
01-Jun-1906,18.8987513893049
01-Jul-1906,18.9
01-Aug-1906,18.9019972335879
01-Sep-1906,18.9046255864954
01-Oct-1906,18.907662740975
01-Nov-1906,18.9112002740708
01-Dec-1906,18.9149038018859
01-Jan-1907,18.9189093263536
01-Feb-1907,18.9229836055731
01-Mar-1907,18.9266279185608
01-Apr-1907,18.9305182574933
01-May-1907,18.9340347636329
01-Jun-1907,18.9373009708013
01-Jul-1907,18.94
01-Aug-1907,18.9422331510396
01-Sep-1907,18.9439494194343
01-Oct-1907,18.9451931990979
01-Nov-1907,18.9461249250938
01-Dec-1907,18.9467586865667
01-Jan-1908,18.9472142507006
01-Feb-1908,18.9475460117074
01-Mar-1908,18.9478148402387
01-Apr-1908,18.9481332329928
01-May-1908,18.9485452640539
01-Jun-1908,18.9491559185786
01-Jul-1908,18.95
01-Aug-1908,18.9511821485129
01-Sep-1908,18.9526128323324
01-Oct-1908,18.9541442916942
01-Nov-1908,18.9557859214041
01-Dec-1908,18.957343072917
01-Jan-1909,18.9588268538486
01-Feb-1909,18.9600890832518
01-Mar-1909,18.9609595077335
01-Apr-1909,18.9615369329634
01-May-1909,18.9616224746808
01-Jun-1909,18.9611291331821
01-Jul-1909,18.96
01-Aug-1909,18.9581025134816
01-Sep-1909,18.9555446115495
01-Oct-1909,18.9525508581598
01-Nov-1909,18.9490357900682
01-Dec-1909,18.9453354244516
01-Jan-1910,18.9413171905839
01-Feb-1910,18.9372172362284
01-Mar-1910,18.9335413406825
01-Apr-1910,18.9296097911727
01-May-1910,18.9260501711263
01-Jun-1910,18.9227392928554
01-Jul-1910,18.92
01-Aug-1910,18.9177370955605
01-Sep-1910,18.9160341356803
01-Oct-1910,18.9148788116792
01-Nov-1910,18.9141523138407
01-Dec-1910,18.9138615124468
01-Jan-1911,18.9139452326218
01-Feb-1911,18.9143769931835
01-Mar-1911,18.9150304056299
01-Apr-1911,18.9160059475523
01-May-1911,18.9171631578128
01-Jun-1911,18.9185373956459
01-Jul-1911,18.92
01-Aug-1911,18.9216045703357
01-Sep-1911,18.9232508459252
01-Oct-1911,18.9248313072915
01-Nov-1911,18.9263971537598
01-Dec-1911,18.9277955152174
01-Jan-1912,18.9290654509958
01-Feb-1912,18.9301024268622
01-Mar-1912,18.9308123029576
01-Apr-1912,18.9312402955028
01-May-1912,18.9312776994479
01-Jun-1912,18.9308728436234
01-Jul-1912,18.93
01-Aug-1912,18.9285821273253
01-Sep-1912,18.9267607962744
01-Oct-1912,18.9247612215818
01-Nov-1912,18.9226021531197
01-Dec-1912,18.9205684360288
01-Jan-1913,18.9186765440216
01-Feb-1913,18.9171522515439
01-Mar-1913,18.9162213800392
01-Apr-1913,18.915828329327
01-May-1913,18.9162282147689
01-Jun-1913,18.917599750246
01-Jul-1913,18.92
01-Aug-1913,18.9236813544004
01-Sep-1913,18.9284406154974
01-Oct-1913,18.933882532412
01-Nov-1913,18.940173431549
01-Dec-1913,18.9467193847051
01-Jan-1914,18.953760320701
01-Feb-1914,18.960882889703
01-Mar-1914,18.9672184375579
01-Apr-1914,18.9739386861929
01-May-1914,18.9799639534188
01-Jun-1914,18.985499455661
01-Jul-1914,18.99
01-Aug-1914,18.9936194366703
01-Sep-1914,18.9962417406951
01-Oct-1914,18.9979240830569
01-Nov-1914,18.9988757861899
01-Dec-1914,18.999128459687
01-Jan-1915,18.9987961147246
01-Feb-1915,18.9979593594797
01-Mar-1915,18.996853069422
01-Apr-1915,18.9953321198391
01-May-1915,18.9936549084147
01-Jun-1915,18.9918067873306
01-Jul-1915,18.99
01-Aug-1915,18.9882045309852
01-Sep-1915,18.986547002745
01-Oct-1915,18.9851302836759
01-Nov-1915,18.9839177951189
01-Dec-1915,18.9830431559468
01-Jan-1916,18.9825059261603
01-Feb-1916,18.9824000876002
01-Mar-1916,18.9827442883385
01-Apr-1916,18.983642306239
01-May-1916,18.9850876704178
01-Jun-1916,18.9872346077655
01-Jul-1916,18.99
01-Aug-1916,18.9935597535539
01-Sep-1916,18.9975614934239
01-Oct-1916,19.0015361651838
01-Nov-1916,19.0054193103949
01-Dec-1916,19.0086450593107
01-Jan-1917,19.0110990253029
01-Feb-1917,19.0123244313688
01-Mar-1917,19.0120937331238
01-Apr-1917,19.0100457867277
01-May-1917,19.0059619789701
01-Jun-1917,18.9992406194444
01-Jul-1917,18.99
01-Aug-1917,18.9775668335752
01-Sep-1917,18.9632235081542
01-Oct-1917,18.9487435864923
01-Nov-1917,18.9344218301621
01-Dec-1917,18.9223884102721
01-Jan-1918,18.9131011885133
01-Feb-1918,18.9082936210543
01-Mar-1918,18.9088785586925
01-Apr-1918,18.9161736253607
01-May-1918,18.9310641361426
01-Jun-1918,18.9558028814406
01-Jul-1918,18.99
01-Aug-1918,19.036761048088
01-Sep-1918,19.0942495615003
01-Oct-1918,19.1588624001595
01-Nov-1918,19.2336307314884
01-Dec-1918,19.3125090356637
01-Jan-1919,19.3994795111427
01-Feb-1919,19.4907051577577
01-Mar-1919,19.5756691273487
01-Apr-1919,19.6713703145022
01-May-1919,19.7644242903209
01-Jun-1919,19.8597582980385
01-Jul-1919,19.95
01-Aug-1919,20.0400367129731
01-Sep-1919,20.126245801634
01-Oct-1919,20.2056282690017
01-Nov-1919,20.283061628956
01-Dec-1919,20.3531532677518
01-Jan-1920,20.4201613106974
01-Feb-1920,20.4812390694769
01-Mar-1920,20.5326302073028
01-Apr-1920,20.5810197371035
01-May-1920,20.6210155162961
01-Jun-1920,20.6548692795486
01-Jul-1920,20.68
01-Aug-1920,20.6978778280898
01-Sep-1920,20.7081546577933
01-Oct-1920,20.7116450475955
01-Nov-1920,20.7093899982135
01-Dec-1920,20.7023087277749
01-Jan-1921,20.6907374596475
01-Feb-1921,20.6756640582217
01-Mar-1921,20.6597300112525
01-Apr-1921,20.6402856904772
01-May-1921,20.6204212915461
01-Jun-1921,20.5996208292605
01-Jul-1921,20.58
01-Aug-1921,20.5610549419577
01-Sep-1921,20.5442625362925
01-Oct-1921,20.5308204134721
01-Nov-1921,20.5206167118815
01-Dec-1921,20.5150604656152
01-Jan-1922,20.5145655381619
01-Feb-1922,20.5202002833245
01-Mar-1922,20.5312285764554
01-Apr-1922,20.5507556984756
01-May-1922,20.5777083712469
01-Jun-1922,20.6146677195273
01-Jul-1922,20.66
01-Aug-1922,20.7169467851733
01-Sep-1922,20.782144728805
01-Oct-1922,20.8506624650564
01-Nov-1922,20.9245534849145
01-Dec-1922,20.9966438244043
01-Jan-1923,21.0692251480623
01-Feb-1923,21.1373075227834
01-Mar-1923,21.1927855165838
01-Apr-1923,21.245168218695
01-May-1923,21.2844629468562
01-Jun-1923,21.3107749915151
01-Jul-1923,21.32
01-Aug-1923,21.3111123716845
01-Sep-1923,21.2853015203814
01-Oct-1923,21.2467147896696
01-Nov-1923,21.1953678948475
01-Dec-1923,21.1370509889311
01-Jan-1924,21.0704644422049
01-Feb-1924,21.0000790437432
01-Mar-1924,20.9331511200839
01-Apr-1924,20.8629672975416
01-May-1924,20.7988355820819
01-Jun-1924,20.73906869002
01-Jul-1924,20.69
01-Aug-1924,20.6502984567878
01-Sep-1924,20.6211814058756
01-Oct-1924,20.6019241986378
01-Nov-1924,20.5900471833429
01-Dec-1924,20.5851719354831
01-Jan-1925,20.5857776006187
01-Feb-1925,20.5909037602983
01-Mar-1925,20.5983973141615
01-Apr-1925,20.6087325377681
01-May-1925,20.6196547450601
01-Jun-1925,20.6306962452746
01-Jul-1925,20.64
01-Aug-1925,20.6472402721972
01-Sep-1925,20.652097740188
01-Oct-1925,20.6547845044554
01-Nov-1925,20.6557429095832
01-Dec-1925,20.6551630898888
01-Jan-1926,20.6532696176919
01-Feb-1926,20.6503281440322
01-Mar-1926,20.6469955086049
01-Apr-1926,20.6428066371125
01-May-1926,20.638499878777
01-Jun-1926,20.634051343342
01-Jul-1926,20.63
01-Aug-1926,20.6263061336611
01-Sep-1926,20.6232166814602
01-Oct-1926,20.6208714458739
01-Nov-1926,20.6191854544357
01-Dec-1926,20.6183358040833
01-Jan-1927,20.6183372280324
01-Feb-1927,20.6193050109689
01-Mar-1927,20.6210707435227
01-Apr-1927,20.6240803325218
01-May-1927,20.6281149071432
01-Jun-1927,20.6335148156006
01-Jul-1927,20.64
01-Aug-1927,20.6479622199382
01-Sep-1927,20.6567205416043
01-Oct-1927,20.6653906635212
01-Nov-1927,20.6739681367537
01-Dec-1927,20.6813420346342
01-Jan-1928,20.6874214932918
01-Feb-1928,20.6913434608237
01-Mar-1928,20.6925290852003
01-Apr-1928,20.6905752194992
01-May-1928,20.68496366574
01-Jun-1928,20.6747378632758
01-Jul-1928,20.66
01-Aug-1928,20.6396362479212
01-Sep-1928,20.6157100598945
01-Oct-1928,20.5911497374573
01-Nov-1928,20.566370091259
01-Dec-1928,20.5449341881498
01-Jan-1929,20.527465133401
01-Feb-1929,20.516840008561
01-Mar-1929,20.5148794476032
01-Apr-1929,20.523105062092
01-May-1929,20.5433884606481
01-Jun-1929,20.5791340353205
01-Jul-1929,20.63
01-Aug-1929,20.6998333765829
01-Sep-1929,20.7813527138898
01-Oct-1929,20.8643341895091
01-Nov-1929,20.9470406118282
01-Dec-1929,21.0171777510537
01-Jan-1930,21.0721521264804
01-Feb-1930,21.1019504785881
01-Mar-1930,21.1010133074342
01-Apr-1930,21.062261684814
01-May-1930,20.9802200530174
01-Jun-1930,20.8421496799374
01-Jul-1930,20.65
01-Aug-1930,20.3873220363887
01-Sep-1930,20.0701730643979
01-Oct-1930,19.7248723792086
01-Nov-1930,19.3423306428316
01-Dec-1930,18.9605627611181
01-Jan-1931,18.5680482496439
01-Feb-1931,18.1917042264838
01-Mar-1931,17.8775849376744
01-Apr-1931,17.571560157975
01-May-1931,17.3302218407561
01-Jun-1931,17.1514114725599
01-Jul-1931,17.06
01-Aug-1931,17.059767737257
01-Sep-1931,17.1492505260831
01-Oct-1931,17.3118251512741
01-Nov-1931,17.548572877106
01-Dec-1931,17.8348799897411
01-Jan-1932,18.1800765859515
01-Feb-1932,18.5655110490997
01-Mar-1932,18.9536260550392
01-Apr-1932,19.3884619317327
01-May-1932,19.819666286127
01-Jun-1932,20.2662290311115
01-Jul-1932,20.69
01-Aug-1932,21.1122852301668
01-Sep-1932,21.5227984262485
01-Oct-1932,21.9153082833478
01-Nov-1932,22.3226446107595
01-Dec-1932,22.7249051297809
01-Jan-1933,23.1555696938349
01-Feb-1933,23.6082471511074
01-Mar-1933,24.0417315590523
01-Apr-1933,24.5552163891003
01-May-1933,25.0919485228
01-Jun-1933,25.6943725878863
01-Jul-1933,26.33
01-Aug-1933,27.0442706778021
01-Sep-1933,27.8057809848979
01-Oct-1933,28.5738203347186
01-Nov-1933,29.3852440051822
01-Dec-1933,30.1739684730359
01-Jan-1934,30.9782280240667
01-Feb-1934,31.7569729714099
01-Mar-1934,32.4261636259493
01-Apr-1934,33.1156227170724
01-May-1934,33.7179507392697
01-Jun-1934,34.2589555486177
01-Jul-1934,34.69
01-Aug-1934,35.0299201981149
01-Sep-1934,35.2701989257229
01-Oct-1934,35.4191027616066
01-Nov-1934,35.4981815476452
01-Dec-1934,35.513459152551
01-Jan-1935,35.4775770028047
01-Feb-1935,35.4009922711392
01-Mar-1935,35.3067674104436
01-Apr-1935,35.1857088314699
01-May-1935,35.0626892233294
01-Jun-1935,34.9411301982994
01-Jul-1935,34.84
01-Aug-1935,34.7616406753604
01-Sep-1935,34.7090125695124
01-Oct-1935,34.6794816420561
01-Nov-1935,34.667875779504
01-Dec-1935,34.6718773933871
01-Jan-1936,34.6885498729738
01-Feb-1936,34.7147094640718
01-Mar-1936,34.7448545382995
01-Apr-1936,34.7800264150395
01-May-1936,34.8139313437114
01-Jun-1936,34.8456262679028
01-Jul-1936,34.87
01-Aug-1936,34.886240246185
01-Sep-1936,34.8939503126487
01-Oct-1936,34.8945196933284
01-Nov-1936,34.8892572366859
01-Dec-1936,34.8797189809533
01-Jan-1937,34.8665399321647
01-Feb-1937,34.8512752832152
01-Mar-1937,34.8367813686878
01-Apr-1937,34.8211548487875
01-May-1937,34.8076427421101
01-Jun-1937,34.7966151312933
01-Jul-1937,34.79
01-Aug-1937,34.7882426161286
01-Sep-1937,34.7910216977339
01-Oct-1937,34.7970867528237
01-Nov-1937,34.8058669637126
01-Dec-1937,34.8158624246815
01-Jan-1938,34.8267643451036
01-Feb-1938,34.8372578001034
01-Mar-1938,34.8455512877351
01-Apr-1938,34.8524993054789
01-May-1938,34.8560749889809
01-Jun-1938,34.8555415624497
01-Jul-1938,34.85
01-Aug-1938,34.8383370462367
01-Sep-1938,34.8208018481323
01-Oct-1938,34.7986048148218
01-Nov-1938,34.7706419384906
01-Dec-1938,34.7390769947257
01-Jan-1939,34.702181448349
01-Feb-1939,34.6613192807981
01-Mar-1939,34.6213232825655
01-Apr-1939,34.5739784542868
01-May-1939,34.5254474721647
01-Jun-1939,34.4728707317974
01-Jul-1939,34.42
01-Aug-1939,34.3637464807566
01-Sep-1939,34.3065275618415
01-Oct-1939,34.2509386863069
01-Nov-1939,34.1940008386893
01-Dec-1939,34.1400832430745
01-Jan-1940,34.0863183026604
01-Feb-1940,34.0352740624678
01-Mar-1940,33.9906476621146
01-Apr-1940,33.9469909573934
01-May-1940,33.9094127998359
01-Jun-1940,33.8761348885104
01-Jul-1940,33.85
01-Aug-1940,33.8297373473922
01-Sep-1940,33.8157948007647
01-Oct-1940,33.8075798633105
01-Nov-1940,33.8037804816701
01-Dec-1940,33.8039100847243
01-Jan-1941,33.8072129218141
01-Feb-1941,33.8129597003864
01-Mar-1941,33.8195976949994
01-Apr-1941,33.82782607657
01-May-1941,33.8359530690499
01-Jun-1941,33.8437560810753
01-Jul-1941,33.85
01-Aug-1941,33.8545185843878
01-Sep-1941,33.8572015446467
01-Oct-1941,33.8583383835799
01-Nov-1941,33.8583026810431
01-Dec-1941,33.8573817924315
01-Jan-1942,33.8558121157645
01-Feb-1942,33.8539168870838
01-Mar-1942,33.8521797466113
01-Apr-1942,33.8505102154717
01-May-1942,33.8494271975551
01-Jun-1942,33.8491562822606
01-Jul-1942,33.85
01-Aug-1942,33.8521883150566
01-Sep-1942,33.8553990206484
01-Oct-1942,33.8590666023699
01-Nov-1942,33.8630087941574
01-Dec-1942,33.8665627455497
01-Jan-1943,33.8695386151278
01-Feb-1943,33.8713727512783
01-Mar-1943,33.8716833185554
01-Apr-1943,33.8701330615432
01-May-1943,33.8663381407297
01-Jun-1943,33.8596187898823
01-Jul-1943,33.85
01-Aug-1943,33.8367272668012
01-Sep-1943,33.8211952640822
01-Oct-1943,33.8053719807912
01-Nov-1943,33.7896066377159
01-Dec-1943,33.7762603966502
01-Jan-1944,33.7658476145303
01-Feb-1944,33.7602956730546
01-Mar-1944,33.7607804166919
01-Apr-1944,33.7687347830091
01-May-1944,33.7850780835504
01-Jun-1944,33.8123039780258
01-Jul-1944,33.85
01-Aug-1944,33.9014777834202
01-Sep-1944,33.9640954745631
01-Oct-1944,34.033236594405
01-Nov-1944,34.1113784518373
01-Dec-1944,34.1914387424054
01-Jan-1945,34.2766227197157
01-Feb-1945,34.3621349019459
01-Mar-1945,34.4378316756959
01-Apr-1945,34.5179164142975
01-May-1945,34.5896972957792
01-Jun-1945,34.655827613142
01-Jul-1945,34.71
01-Aug-1945,34.754225403725
01-Sep-1945,34.7869874149142
01-Oct-1945,34.8087185978171
01-Nov-1945,34.8218397415453
01-Dec-1945,34.826434783175
01-Jan-1946,34.8237821023998
01-Feb-1946,34.8145951838177
01-Mar-1946,34.8015117332541
01-Apr-1946,34.7826478889129
01-May-1946,34.7609215789462
01-Jun-1946,34.7358564262747
01-Jul-1946,34.71
01-Aug-1946,34.6826602901251
01-Sep-1946,34.6559745313473
01-Oct-1946,34.6320503724165
01-Nov-1946,34.6106135937881
01-Dec-1946,34.5943114411969
01-Jan-1947,34.5833778288542
01-Feb-1947,34.5797954545864
01-Mar-1947,34.5840070254888
01-Apr-1947,34.5981646729433
01-May-1947,34.622602092711
01-Jun-1947,34.6602691704938
01-Jul-1947,34.71
01-Aug-1947,34.7751375134007
01-Sep-1947,34.8491470807067
01-Oct-1947,34.9231864949961
01-Nov-1947,34.9959605884195
01-Dec-1947,35.0568096783617
01-Jan-1948,35.1035592420168
01-Feb-1948,35.1275833072882
01-Mar-1948,35.1238126409149
01-Apr-1948,35.0856647911725
01-May-1948,35.009281621245
01-Jun-1948,34.883339791002
01-Jul-1948,34.71
01-Aug-1948,34.4747485180263
01-Sep-1948,34.1924230963396
01-Oct-1948,33.8868532729072
01-Nov-1948,33.5505523462612
01-Dec-1948,33.2175506050971
01-Jan-1949,32.8785325534315
01-Feb-1949,32.557777432801
01-Mar-1949,32.2947719667852
01-Apr-1949,32.0453490979555
01-May-1949,31.8578191052669
01-Jun-1949,31.7325646093011
01-Jul-1949,31.69
01-Aug-1949,31.7357629490768
01-Sep-1949,31.8638651172546
01-Oct-1949,32.053783213359
01-Nov-1949,32.3053138077472
01-Dec-1949,32.5899147946045
01-Jan-1950,32.9136949370048
01-Feb-1950,33.2545787652369
01-Jan-1950,34.73
01-Feb-1950,34.73
01-Mar-1950,34.73
01-Apr-1950,34.73
01-May-1950,34.73
01-Jun-1950,34.73
01-Jul-1950,34.73
01-Aug-1950,34.73
01-Sep-1950,34.73
01-Oct-1950,34.73
01-Nov-1950,34.73
01-Dec-1950,34.72
01-Jan-1951,34.72
01-Feb-1951,34.73
01-Mar-1951,34.73
01-Apr-1951,34.73
01-May-1951,34.73
01-Jun-1951,34.73
01-Jul-1951,34.72
01-Aug-1951,34.71
01-Sep-1951,34.71
01-Oct-1951,34.71
01-Nov-1951,34.73
01-Dec-1951,34.66
01-Jan-1952,34.49
01-Feb-1952,34.49
01-Mar-1952,34.68
01-Apr-1952,34.82
01-May-1952,34.73
01-Jun-1952,34.53
01-Jul-1952,34.57
01-Aug-1952,34.58
01-Sep-1952,34.51
01-Oct-1952,34.63
01-Nov-1952,34.72
01-Dec-1952,34.79
01-Jan-1953,34.88
01-Feb-1953,34.95
01-Mar-1953,34.92
01-Apr-1953,34.93
01-May-1953,34.9
01-Jun-1953,34.89
01-Jul-1953,34.91
01-Aug-1953,34.91
01-Sep-1953,34.76
01-Oct-1953,34.79
01-Nov-1953,34.86
01-Dec-1953,34.85
01-Jan-1954,34.86
01-Feb-1954,34.88
01-Mar-1954,34.92
01-Apr-1954,35.04
01-May-1954,35.08
01-Jun-1954,35.07
01-Jul-1954,35.08
01-Aug-1954,35.05
01-Sep-1954,35.08
01-Oct-1954,35.08
01-Nov-1954,35.06
01-Dec-1954,35.04
01-Jan-1955,35.04
01-Feb-1955,35.05
01-Mar-1955,35.06
01-Apr-1955,35.05
01-May-1955,35.05
01-Jun-1955,35.04
01-Jul-1955,35.05
01-Aug-1955,35.03
01-Sep-1955,34.98
01-Oct-1955,34.98
01-Nov-1955,34.98
01-Dec-1955,34.97
01-Jan-1956,34.99
01-Feb-1956,34.99
01-Mar-1956,34.99
01-Apr-1956,34.98
01-May-1956,34.99
01-Jun-1956,34.98
01-Jul-1956,35
01-Aug-1956,35.02
01-Sep-1956,35.01
01-Oct-1956,35.02
01-Nov-1956,34.98
01-Dec-1956,34.9
01-Jan-1957,34.88
01-Feb-1957,34.89
01-Mar-1957,34.91
01-Apr-1957,34.92
01-May-1957,34.93
01-Jun-1957,34.99
01-Jul-1957,34.99
01-Aug-1957,34.97
01-Sep-1957,34.96
01-Oct-1957,34.97
01-Nov-1957,34.97
01-Dec-1957,34.99
01-Jan-1958,35.01
01-Feb-1958,35.08
01-Mar-1958,35.09
01-Apr-1958,35.1
01-May-1958,35.11
01-Jun-1958,35.1
01-Jul-1958,35.11
01-Aug-1958,35.1
01-Sep-1958,35.1
01-Oct-1958,35.11
01-Nov-1958,35.1
01-Dec-1958,35.09
01-Jan-1959,35.07
01-Feb-1959,35.06
01-Mar-1959,35.06
01-Apr-1959,35.08
01-May-1959,35.12
01-Jun-1959,35.12
01-Jul-1959,35.13
01-Aug-1959,35.12
01-Sep-1959,35.13
01-Oct-1959,35.1
01-Nov-1959,35.06
01-Dec-1959,35.05
01-Jan-1960,35.09
01-Feb-1960,35.09
01-Mar-1960,35.09
01-Apr-1960,35.11
01-May-1960,35.1
01-Jun-1960,35.09
01-Jul-1960,35.1
01-Aug-1960,35.13
01-Sep-1960,35.22
01-Oct-1960,35.78
01-Nov-1960,35.82
01-Dec-1960,35.54
01-Jan-1961,35.56
01-Feb-1961,35.17
01-Mar-1961,35.08
01-Apr-1961,35.08
01-May-1961,35.06
01-Jun-1961,35.07
01-Jul-1961,35.11
01-Aug-1961,35.16
01-Sep-1961,35.19
01-Oct-1961,35.19
01-Nov-1961,35.19
01-Dec-1961,35.15
01-Jan-1962,35.16
01-Feb-1962,35.13
01-Mar-1962,35.09
01-Apr-1962,35.08
01-May-1962,35.08
01-Jun-1962,35.1
01-Jul-1962,35.12
01-Aug-1962,35.12
01-Sep-1962,35.13
01-Oct-1962,35.14
01-Nov-1962,35.09
01-Dec-1962,35.08
01-Jan-1963,35.06
01-Feb-1963,35.08
01-Mar-1963,35.1
01-Apr-1963,35.1
01-May-1963,35.08
01-Jun-1963,35.08
01-Jul-1963,35.09
01-Aug-1963,35.1
01-Sep-1963,35.08
01-Oct-1963,35.08
01-Nov-1963,35.08
01-Dec-1963,35.08
01-Jan-1964,35.08
01-Feb-1964,35.08
01-Mar-1964,35.08
01-Apr-1964,35.08
01-May-1964,35.08
01-Jun-1964,35.08
01-Jul-1964,35.08
01-Aug-1964,35.08
01-Sep-1964,35.09
01-Oct-1964,35.11
01-Nov-1964,35.1
01-Dec-1964,35.12
01-Jan-1965,35.13
01-Feb-1965,35.14
01-Mar-1965,35.16
01-Apr-1965,35.14
01-May-1965,35.1
01-Jun-1965,35.1
01-Jul-1965,35.12
01-Aug-1965,35.15
01-Sep-1965,35.14
01-Oct-1965,35.11
01-Nov-1965,35.11
01-Dec-1965,35.13
01-Jan-1966,35.15
01-Feb-1966,35.17
01-Mar-1966,35.15
01-Apr-1966,35.13
01-May-1966,35.12
01-Jun-1966,35.15
01-Jul-1966,35.18
01-Aug-1966,35.18
01-Sep-1966,35.19
01-Oct-1966,35.16
01-Nov-1966,35.16
01-Dec-1966,35.18
01-Jan-1967,35.18
01-Feb-1967,35.17
01-Mar-1967,35.16
01-Apr-1967,35.17
01-May-1967,35.18
01-Jun-1967,35.19
01-Jul-1967,35.19
01-Aug-1967,35.19
01-Sep-1967,35.19
01-Oct-1967,35.19
01-Nov-1967,35.2
01-Dec-1967,35.19
01-Jan-1968,35.18
01-Feb-1968,35.2
01-Mar-1968,35.2
01-Apr-1968,37.878
01-May-1968,40.691
01-Jun-1968,41.111
01-Jul-1968,39.53
01-Aug-1968,39.17
01-Sep-1968,40.203
01-Oct-1968,39.21
01-Nov-1968,39.795
01-Dec-1968,41.113
01-Jan-1969,42.291
01-Feb-1969,42.616
01-Mar-1969,43.171
01-Apr-1969,43.295
01-May-1969,43.461
01-Jun-1969,41.442
01-Jul-1969,41.755
01-Aug-1969,41.128
01-Sep-1969,40.865
01-Oct-1969,40.476
01-Nov-1969,37.452
01-Dec-1969,35.189
01-Jan-1970,34.946
01-Feb-1970,34.994
01-Mar-1970,35.089
01-Apr-1970,35.623
01-May-1970,35.958
01-Jun-1970,35.437
01-Jul-1970,35.329
01-Aug-1970,35.377
01-Sep-1970,36.196
01-Oct-1970,37.553
01-Nov-1970,37.455
01-Dec-1970,37.434
01-Jan-1971,37.868
01-Feb-1971,38.716
01-Mar-1971,38.873
01-Apr-1971,39.001
01-May-1971,40.493
01-Jun-1971,40.105
01-Jul-1971,40.929
01-Aug-1971,42.722
01-Sep-1971,41.976
01-Oct-1971,42.473
01-Nov-1971,42.842
01-Dec-1971,43.455
01-Jan-1972,45.64
01-Feb-1972,48.237
01-Mar-1972,48.288
01-Apr-1972,49.026
01-May-1972,54.5
01-Jun-1972,62.17
01-Jul-1972,65.558
01-Aug-1972,66.917
01-Sep-1972,65.589
01-Oct-1972,64.824
01-Nov-1972,62.726
01-Dec-1972,63.779
01-Jan-1973,65.127
01-Feb-1973,73.971
01-Mar-1973,84.105
01-Apr-1973,90.441
01-May-1973,101.623
01-Jun-1973,119.8
01-Jul-1973,120.364
01-Aug-1973,106.225
01-Sep-1973,103.034
01-Oct-1973,99.923
01-Nov-1973,94.645
01-Dec-1973,106.236
01-Jan-1974,129.027
01-Feb-1974,150
01-Mar-1974,168.298
01-Apr-1974,172.243
01-May-1974,163.568
01-Jun-1974,154.013
01-Jul-1974,142.283
01-Aug-1974,154.362
01-Sep-1974,151.66
01-Oct-1974,158.533
01-Nov-1974,181.483
01-Dec-1974,183.683
01-Jan-1975,176.864
01-Feb-1975,179.553
01-Mar-1975,178.203
01-Apr-1975,170.066
01-May-1975,167.293
01-Jun-1975,164.25
01-Jul-1975,164.867
01-Aug-1975,163.168
01-Sep-1975,144.311
01-Oct-1975,142.691
01-Nov-1975,142.565
01-Dec-1975,139.279
01-Jan-1976,131.695
01-Feb-1976,130.94
01-Mar-1976,132.676
01-Apr-1976,127.91
01-May-1976,126.913
01-Jun-1976,125.684
01-Jul-1976,117.866
01-Aug-1976,110.055
01-Sep-1976,114.098
01-Oct-1976,116.095
01-Nov-1976,130.341
01-Dec-1976,133.674
01-Jan-1977,132.306
01-Feb-1977,136.163
01-Mar-1977,148.339
01-Apr-1977,149.184
01-May-1977,146.536
01-Jun-1977,140.828
01-Jul-1977,143.383
01-Aug-1977,145.009
01-Sep-1977,149.334
01-Oct-1977,158.848
01-Nov-1977,162.132
01-Dec-1977,160.48
01-Jan-1978,173.207
01-Feb-1978,178.36
01-Mar-1978,183.771
01-Apr-1978,175.323
01-May-1978,176.19
01-Jun-1978,183.761
01-Jul-1978,188.569
01-Aug-1978,206.455
01-Sep-1978,212.212
01-Oct-1978,227.432
01-Nov-1978,207.082
01-Dec-1978,207.895
01-Jan-1979,226.986
01-Feb-1979,245.59
01-Mar-1979,242.348
01-Apr-1979,239.174
01-May-1979,257.738
01-Jun-1979,279.36
01-Jul-1979,295.009
01-Aug-1979,300.793
01-Sep-1979,354.498
01-Oct-1979,390.959
01-Nov-1979,391.518
01-Dec-1979,463.666
01-Jan-1980,674.58
01-Feb-1980,665.893
01-Mar-1980,554.276
01-Apr-1980,516.71
01-May-1980,514.268
01-Jun-1980,600.786
01-Jul-1980,645.75
01-Aug-1980,626.36
01-Sep-1980,673.941
01-Oct-1980,662.27
01-Nov-1980,623.875
01-Dec-1980,596.712
01-Jan-1981,557.813
01-Feb-1981,500.8
01-Mar-1981,499.693
01-Apr-1981,496.625
01-May-1981,480.316
01-Jun-1981,460.5
01-Jul-1981,409.284
01-Aug-1981,410.24
01-Sep-1981,443.773
01-Oct-1981,437.68
01-Nov-1981,413.405
01-Dec-1981,410.119
01-Jan-1982,384.163
01-Feb-1982,374.458
01-Mar-1982,330.413
01-Apr-1982,350.335
01-May-1982,334.505
01-Jun-1982,314.961
01-Jul-1982,337.895
01-Aug-1982,363.413
01-Sep-1982,438.15
01-Oct-1982,422.786
01-Nov-1982,415.114
01-Dec-1982,444.776
01-Jan-1983,481.838
01-Feb-1983,493.488
01-Mar-1983,420.707
01-Apr-1983,433.171
01-May-1983,437.393
01-Jun-1983,413.148
01-Jul-1983,422.645
01-Aug-1983,416.205
01-Sep-1983,412.245
01-Oct-1983,394.245
01-Nov-1983,381.016
01-Dec-1983,388.06
01-Jan-1984,370.735
01-Feb-1984,386.038
01-Mar-1984,394.743
01-Apr-1984,381.371
01-May-1984,376.957
01-Jun-1984,378.314
01-Jul-1984,347.598
01-Aug-1984,347.677
01-Sep-1984,340.945
01-Oct-1984,340.217
01-Nov-1984,341.286
01-Dec-1984,319.622
01-Jan-1985,302.852
01-Feb-1985,299.833
01-Mar-1985,303.205
01-Apr-1985,324.883
01-May-1985,316.395
01-Jun-1985,316.298
01-Jul-1985,317.202
01-Aug-1985,330.131
01-Sep-1985,323.764
01-Oct-1985,326.093
01-Nov-1985,325.548
01-Dec-1985,321.985
01-Jan-1986,345.561
01-Feb-1986,339.053
01-Mar-1986,346.095
01-Apr-1986,340.716
01-May-1986,342.325
01-Jun-1986,342.798
01-Jul-1986,348.554
01-Aug-1986,376.29
01-Sep-1986,418.152
01-Oct-1986,423.863
01-Nov-1986,396.983
01-Dec-1986,391.595
01-Jan-1987,408.524
01-Feb-1987,401.045
01-Mar-1987,408.848
01-Apr-1987,439.665
01-May-1987,461.65
01-Jun-1987,449.282
01-Jul-1987,450.33
01-Aug-1987,460.988
01-Sep-1987,460.12
01-Oct-1987,465.764
01-Nov-1987,468.14
01-Dec-1987,487.079
01-Jan-1988,477.758
01-Feb-1988,442.124
01-Mar-1988,443.491
01-Apr-1988,451.558
01-May-1988,451.32
01-Jun-1988,451.657
01-Jul-1988,437.452
01-Aug-1988,431.064
01-Sep-1988,413.439
01-Oct-1988,406.39
01-Nov-1988,419.966
01-Dec-1988,419.248
01-Jan-1989,404.445
01-Feb-1989,387.973
01-Mar-1989,390.274
01-Apr-1989,384.72
01-May-1989,371.35
01-Jun-1989,367.727
01-Jul-1989,375.21
01-Aug-1989,365.548
01-Sep-1989,361.798
01-Oct-1989,366.8
01-Nov-1989,394.361
01-Dec-1989,409.655
01-Jan-1990,410.118
01-Feb-1990,416.543
01-Mar-1990,393.661
01-Apr-1990,374.929
01-May-1990,368.855
01-Jun-1990,352.657
01-Jul-1990,361.82
01-Aug-1990,394.861
01-Sep-1990,389.56
01-Oct-1990,381.333
01-Nov-1990,381.866
01-Dec-1990,378.161
01-Jan-1991,384.591
01-Feb-1991,363.748
01-Mar-1991,363.39
01-Apr-1991,358.055
01-May-1991,357.117
01-Jun-1991,366.36
01-Jul-1991,368.013
01-Aug-1991,356.721
01-Sep-1991,348.46
01-Oct-1991,358.826
01-Nov-1991,359.96
01-Dec-1991,361.875
01-Jan-1992,354.436
01-Feb-1992,353.853
01-Mar-1992,344.641
01-Apr-1992,338.728
01-May-1992,337.039
01-Jun-1992,340.784
01-Jul-1992,352.452
01-Aug-1992,343.603
01-Sep-1992,345.3
01-Oct-1992,344.277
01-Nov-1992,334.924
01-Dec-1992,334.657
01-Jan-1993,328.993
01-Feb-1993,329.31
01-Mar-1993,329.974
01-Apr-1993,341.948
01-May-1993,367.045
01-Jun-1993,371.914
01-Jul-1993,392.034
01-Aug-1993,379.795
01-Sep-1993,355.561
01-Oct-1993,364.005
01-Nov-1993,373.939
01-Dec-1993,383.243
01-Jan-1994,387.11
01-Feb-1994,381.658
01-Mar-1994,384
01-Apr-1994,377.908
01-May-1994,381.343
01-Jun-1994,385.714
01-Jul-1994,385.45
01-Aug-1994,380.207
01-Sep-1994,391.348
01-Oct-1994,390.164
01-Nov-1994,384.377
01-Dec-1994,379.48
01-Jan-1995,378.738
01-Feb-1995,376.745
01-Mar-1995,381.82
01-Apr-1995,391.339
01-May-1995,385.231
01-Jun-1995,387.618
01-Jul-1995,386.138
01-Aug-1995,383.502
01-Sep-1995,382.931
01-Oct-1995,383.202
01-Nov-1995,385.209
01-Dec-1995,387.445
01-Jan-1996,398.695
01-Feb-1996,404.919
01-Mar-1996,396.512
01-Apr-1996,392.87
01-May-1996,391.99
01-Jun-1996,385.245
01-Jul-1996,383.457
01-Aug-1996,387.51
01-Sep-1996,383.29
01-Oct-1996,380.909
01-Nov-1996,377.869
01-Dec-1996,369.338
01-Jan-1997,355.025
01-Feb-1997,346.4
01-Mar-1997,352.311
01-Apr-1997,344.707
01-May-1997,344.1
01-Jun-1997,340.805
01-Jul-1997,323.78
01-Aug-1997,323.998
01-Sep-1997,322.616
01-Oct-1997,324.863
01-Nov-1997,306.345
01-Dec-1997,288.776
01-Jan-1998,289.264
01-Feb-1998,297.743
01-Mar-1998,295.87
01-Apr-1998,308.558
01-May-1998,298.971
01-Jun-1998,292.223
01-Jul-1998,292.874
01-Aug-1998,284.228
01-Sep-1998,288.661
01-Oct-1998,296.595
01-Nov-1998,294.243
01-Dec-1998,291.357
01-Jan-1999,287.333
01-Feb-1999,287.495
01-Mar-1999,286.243
01-Apr-1999,282.62
01-May-1999,276.932
01-Jun-1999,261.402
01-Jul-1999,256.198
01-Aug-1999,256.936
01-Sep-1999,264.47
01-Oct-1999,311.562
01-Nov-1999,293.65
01-Dec-1999,283.743
01-Jan-2000,284.59
01-Feb-2000,300.855
01-Mar-2000,286.704
01-Apr-2000,279.961
01-May-2000,275.293
01-Jun-2000,285.368
01-Jul-2000,282.152
01-Aug-2000,274.523
01-Sep-2000,273.676
01-Oct-2000,270.405
01-Nov-2000,265.989
01-Dec-2000,271.892
01-Jan-2001,265.934
01-Feb-2001,262.018
01-Mar-2001,263.273
01-Apr-2001,260.75
01-May-2001,272.057
01-Jun-2001,270.738
01-Jul-2001,267.707
01-Aug-2001,272.657
01-Sep-2001,282.478
01-Oct-2001,283.322
01-Nov-2001,276.248
01-Dec-2001,275.992
01-Jan-2002,281.764
01-Feb-2002,295.683
01-Mar-2002,294.353
01-Apr-2002,302.862
01-May-2002,314.48
01-Jun-2002,321.536
01-Jul-2002,313.567
01-Aug-2002,310.045
01-Sep-2002,318.8
01-Oct-2002,316.748
01-Nov-2002,319.255
01-Dec-2002,333.3
01-Jan-2003,356.864
01-Feb-2003,359.575
01-Mar-2003,341.564
01-Apr-2003,328.208
01-May-2003,355.405
01-Jun-2003,356.912
01-Jul-2003,350.765
01-Aug-2003,358.993
01-Sep-2003,378.859
01-Oct-2003,379.093
01-Nov-2003,390.2
01-Dec-2003,407.674
01-Jan-2004,414.495
01-Feb-2004,404.73
01-Mar-2004,405.976
01-Apr-2004,404.85
01-May-2004,383.953
01-Jun-2004,391.78
01-Jul-2004,398.441
01-Aug-2004,400.133
01-Sep-2004,405.402
01-Oct-2004,420.21
01-Nov-2004,439.059
01-Dec-2004,442.974
01-Jan-2005,424.08
01-Feb-2005,423.43
01-Mar-2005,434.355
01-Apr-2005,429.14
01-May-2005,422.903
01-Jun-2005,430.302
01-Jul-2005,424.745
01-Aug-2005,437.773
01-Sep-2005,455.936
01-Oct-2005,470.107
01-Nov-2005,476.668
01-Dec-2005,509.423
01-Jan-2006,549.433
01-Feb-2006,555.518
01-Mar-2006,557.215
01-Apr-2006,611.853
01-May-2006,676.769
01-Jun-2006,597.898
01-Jul-2006,633.093
01-Aug-2006,631.557
01-Sep-2006,600.15
01-Oct-2006,586.648
01-Nov-2006,626.825
01-Dec-2006,629.513
01-Jan-2007,630.352
01-Feb-2007,665.103
01-Mar-2007,655.891
01-Apr-2007,680.008
01-May-2007,668.31
01-Jun-2007,655.714
01-Jul-2007,665.266
01-Aug-2007,664.53
01-Sep-2007,710.645
01-Oct-2007,754.48
01-Nov-2007,808.311
01-Dec-2007,803.618
01-Jan-2008,887.784
01-Feb-2008,924.283
01-Mar-2008,971.055
01-Apr-2008,911.6
01-May-2008,889.125
01-Jun-2008,889.536
01-Jul-2008,941.167
01-Aug-2008,840.388
01-Sep-2008,824.92
01-Oct-2008,812.815
01-Nov-2008,757.85
01-Dec-2008,819.94
01-Jan-2009,857.726
01-Feb-2009,939.763
01-Mar-2009,925.989
01-Apr-2009,892.663
01-May-2009,926.855
01-Jun-2009,947.807
01-Jul-2009,934.272
01-Aug-2009,949.5
01-Sep-2009,996.443
01-Oct-2009,1043.511
01-Nov-2009,1126.119
01-Dec-2009,1135.012
01-Jan-2010,1119.575
01-Feb-2010,1095.8
01-Mar-2010,1115.554
01-Apr-2010,1148.475
01-May-2010,1204.321
01-Jun-2010,1232.382
01-Jul-2010,1196
01-Aug-2010,1213.464
01-Sep-2010,1271.461
01-Oct-2010,1343.19
01-Nov-2010,1371.784
01-Dec-2010,1393.512
01-Jan-2011,1360.475
01-Feb-2011,1371.313
01-Mar-2011,1422.848
01-Apr-2011,1474.431
01-May-2011,1512.188
01-Jun-2011,1528.38
01-Jul-2011,1568.526
01-Aug-2011,1759.5
01-Sep-2011,1780.648
01-Oct-2011,1667.893
01-Nov-2011,1735.977
01-Dec-2011,1652.725
01-Jan-2012,1656.095
01-Feb-2012,1743.095
01-Mar-2012,1675.057
01-Apr-2012,1648.539
01-May-2012,1585.114
01-Jun-2012,1595.632
01-Jul-2012,1592.784
01-Aug-2012,1625.682
01-Sep-2012,1741.925
01-Oct-2012,1746.348
01-Nov-2012,1724.352
01-Dec-2012,1687.342
01-Jan-2013,1671.886
01-Feb-2013,1630.688
01-Mar-2013,1591.013
01-Apr-2013,1485.905
01-May-2013,1416.143
01-Jun-2013,1342.7
01-Jul-2013,1284.348
01-Aug-2013,1345.048
01-Sep-2013,1348.464
01-Oct-2013,1314.402
01-Nov-2013,1277.417
01-Dec-2013,1221.588
01-Jan-2014,1243.068
01-Feb-2014,1298.713
01-Mar-2014,1336.56
01-Apr-2014,1299.175
01-May-2014,1288.913
01-Jun-2014,1277.857
01-Jul-2014,1312.989
01-Aug-2014,1297.005
01-Sep-2014,1241.33
01-Oct-2014,1223.565
01-Nov-2014,1176.413
01-Dec-2014,1200.44
01-Jan-2015,1249.333
01-Feb-2015,1231.1
01-Mar-2015,1180.636
01-Apr-2015,1198.253
01-May-2015,1197.684
01-Jun-2015,1182.248
01-Jul-2015,1131.58
01-Aug-2015,1117.525
01-Sep-2015,1124.905
01-Oct-2015,1157.123
01-Nov-2015,1088.388
01-Dec-2015,1068.317
01-Jan-2016,1095.655
01-Feb-2016,1194.893
01-Mar-2016,1246.312
01-Apr-2016,1241.452
01-May-2016,1259.755
01-Jun-2016,1273.58
01-Jul-2016,1337.429
01-Aug-2016,1340.861
01-Sep-2016,1326.618
01-Oct-2016,1268.929
01-Nov-2016,1240.293
01-Dec-2016,1152.165
01-Jan-2017,1192.648
01-Feb-2017,1233.39
01-Mar-2017,1231.063
01-Apr-2017,1267.15
01-May-2017,1245.25
01-Jun-2017,1261.277
01-Jul-2017,1235.1
01-Aug-2017,1281.72
01-Sep-2017,1317.045
01-Oct-2017,1280.677
01-Nov-2017,1283.189
01-Dec-2017,1265.674
01-Jan-2018,1332.809
01-Feb-2018,1333.775
