dates,open_interest_CL1
1/3/2000,497
1/4/2000,502
1/5/2000,506
1/6/2000,507
1/7/2000,511
1/10/2000,520
1/11/2000,526
1/12/2000,508
1/13/2000,507
1/14/2000,532
1/17/2000,532
1/18/2000,554
1/19/2000,530
1/20/2000,526
1/21/2000,505
1/24/2000,499
1/25/2000,498
1/26/2000,497
1/27/2000,502
1/28/2000,503
1/31/2000,497
2/1/2000,499
2/2/2000,502
2/3/2000,511
2/4/2000,517
2/7/2000,522
2/8/2000,527
2/9/2000,521
2/10/2000,526
2/11/2000,536
2/14/2000,540
2/15/2000,539
2/16/2000,549
2/17/2000,542
2/18/2000,535
2/21/2000,535
2/22/2000,519
2/23/2000,505
2/24/2000,499
2/25/2000,501
2/28/2000,498
2/29/2000,492
3/1/2000,500
3/2/2000,508
3/3/2000,512
3/6/2000,510
3/7/2000,512
3/8/2000,519
3/9/2000,530
3/10/2000,524
3/13/2000,536
3/14/2000,538
3/15/2000,540
3/16/2000,537
3/17/2000,540
3/20/2000,557
3/21/2000,533
3/22/2000,506
3/23/2000,492
3/24/2000,486
3/27/2000,486
3/28/2000,487
3/29/2000,486
3/30/2000,488
3/31/2000,483
4/3/2000,491
4/4/2000,492
4/5/2000,491
4/6/2000,505
4/7/2000,503
4/10/2000,504
4/11/2000,502
4/12/2000,501
4/13/2000,498
4/14/2000,488
4/17/2000,471
4/18/2000,462
4/19/2000,462
4/20/2000,447
4/21/2000,447
4/24/2000,426
4/25/2000,426
4/26/2000,424
4/27/2000,427
4/28/2000,423
5/1/2000,426
5/2/2000,428
5/3/2000,439
5/4/2000,438
5/5/2000,440
5/8/2000,444
5/9/2000,447
5/10/2000,456
5/11/2000,449
5/12/2000,458
5/15/2000,467
5/16/2000,469
5/17/2000,470
5/18/2000,470
5/19/2000,463
5/22/2000,459
5/23/2000,453
5/24/2000,446
5/25/2000,451
5/26/2000,458
5/29/2000,458
5/30/2000,452
5/31/2000,456
6/1/2000,453
6/2/2000,450
6/5/2000,456
6/6/2000,456
6/7/2000,460
6/8/2000,456
6/9/2000,470
6/12/2000,477
6/13/2000,485
6/14/2000,506
6/15/2000,515
6/16/2000,497
6/19/2000,487
6/20/2000,473
6/21/2000,455
6/22/2000,445
6/23/2000,441
6/26/2000,444
6/27/2000,442
6/28/2000,439
6/29/2000,441
6/30/2000,444
7/3/2000,444
7/4/2000,444
7/5/2000,438
7/6/2000,437
7/7/2000,434
7/10/2000,431
7/11/2000,433
7/12/2000,428
7/13/2000,430
7/14/2000,449
7/17/2000,465
7/18/2000,466
7/19/2000,457
7/20/2000,448
7/21/2000,444
7/24/2000,431
7/25/2000,416
7/26/2000,412
7/27/2000,413
7/28/2000,409
7/31/2000,296
8/1/2000,411
8/2/2000,407
8/3/2000,414
8/4/2000,414
8/7/2000,420
8/8/2000,421
8/9/2000,414
8/10/2000,417
8/11/2000,430
8/14/2000,429
8/15/2000,427
8/16/2000,432
8/17/2000,435
8/18/2000,432
8/21/2000,421
8/22/2000,417
8/23/2000,408
8/24/2000,404
8/25/2000,399
8/28/2000,400
8/29/2000,405
8/30/2000,407
8/31/2000,417
9/1/2000,420
9/4/2000,420
9/5/2000,422
9/6/2000,433
9/7/2000,443
9/8/2000,456
9/11/2000,469
9/12/2000,485
9/13/2000,478
9/14/2000,491
9/15/2000,492
9/18/2000,489
9/19/2000,480
9/20/2000,470
9/21/2000,455
9/22/2000,449
9/25/2000,450
9/26/2000,447
9/27/2000,448
9/28/2000,454
9/29/2000,454
10/2/2000,460
10/3/2000,467
10/4/2000,463
10/5/2000,476
10/6/2000,483
10/9/2000,484
10/10/2000,480
10/11/2000,480
10/12/2000,487
10/13/2000,516
10/16/2000,518
10/17/2000,508
10/18/2000,503
10/19/2000,481
10/20/2000,475
10/23/2000,461
10/24/2000,454
10/25/2000,459
10/26/2000,462
10/27/2000,461
10/30/2000,465
10/31/2000,465
11/1/2000,473
11/2/2000,473
11/3/2000,473
11/6/2000,477
11/7/2000,472
11/8/2000,474
11/9/2000,474
11/10/2000,479
11/13/2000,486
11/14/2000,487
11/15/2000,492
11/16/2000,493
11/17/2000,493
11/20/2000,478
11/21/2000,471
11/22/2000,476
11/23/2000,476
11/24/2000,476
11/27/2000,477
11/28/2000,470
11/29/2000,471
11/30/2000,480
12/1/2000,485
12/4/2000,480
12/5/2000,474
12/6/2000,479
12/7/2000,469
12/8/2000,463
12/11/2000,459
12/12/2000,452
12/13/2000,450
12/14/2000,451
12/15/2000,445
12/18/2000,443
12/19/2000,429
12/20/2000,410
12/21/2000,408
12/22/2000,408
12/25/2000,408
12/26/2000,410
12/27/2000,408
12/28/2000,410
12/29/2000,407
1/1/2001,407
1/2/2001,408
1/3/2001,412
1/4/2001,415
1/5/2001,409
1/8/2001,418
1/9/2001,435
1/10/2001,442
1/11/2001,456
1/12/2001,454
1/15/2001,454
1/16/2001,450
1/17/2001,460
1/18/2001,455
1/19/2001,455
1/22/2001,448
1/23/2001,442
1/24/2001,431
1/25/2001,422
1/26/2001,419
1/29/2001,418
1/30/2001,417
1/31/2001,415
2/1/2001,417
2/2/2001,431
2/5/2001,434
2/6/2001,433
2/7/2001,439
2/8/2001,442
2/9/2001,444
2/12/2001,360
2/13/2001,444
2/14/2001,447
2/15/2001,449
2/16/2001,451
2/19/2001,451
2/20/2001,442
2/21/2001,437
2/22/2001,425
2/23/2001,426
2/26/2001,430
2/27/2001,432
2/28/2001,431
3/1/2001,430
3/2/2001,425
3/5/2001,429
3/6/2001,429
3/7/2001,434
3/8/2001,430
3/9/2001,430
3/12/2001,435
3/13/2001,438
3/14/2001,440
3/15/2001,453
3/16/2001,438
3/19/2001,432
3/20/2001,433
3/21/2001,439
3/22/2001,424
3/23/2001,423
3/26/2001,427
3/27/2001,428
3/28/2001,431
3/29/2001,438
3/30/2001,431
4/2/2001,430
4/3/2001,426
4/4/2001,422
4/5/2001,425
4/6/2001,426
4/9/2001,422
4/10/2001,423
4/11/2001,341
4/12/2001,427
4/13/2001,427
4/16/2001,427
4/17/2001,432
4/18/2001,431
4/19/2001,430
4/20/2001,420
4/23/2001,417
4/24/2001,405
4/25/2001,406
4/26/2001,406
4/27/2001,407
4/30/2001,414
5/1/2001,412
5/2/2001,413
5/3/2001,418
5/4/2001,421
5/7/2001,430
5/8/2001,435
5/9/2001,421
5/10/2001,421
5/11/2001,436
5/14/2001,441
5/15/2001,445
5/16/2001,445
5/17/2001,454
5/18/2001,455
5/21/2001,462
5/22/2001,472
5/23/2001,467
5/24/2001,455
5/25/2001,462
5/28/2001,462
5/29/2001,447
5/30/2001,449
5/31/2001,451
6/1/2001,446
6/4/2001,464
6/5/2001,468
6/6/2001,463
6/7/2001,464
6/8/2001,458
6/11/2001,453
6/12/2001,448
6/13/2001,452
6/14/2001,459
6/15/2001,469
6/18/2001,482
6/19/2001,481
6/20/2001,467
6/21/2001,472
6/22/2001,460
6/25/2001,458
6/26/2001,462
6/27/2001,460
6/28/2001,466
6/29/2001,450
7/2/2001,453
7/3/2001,451
7/4/2001,451
7/5/2001,446
7/6/2001,449
7/9/2001,438
7/10/2001,442
7/11/2001,440
7/12/2001,451
7/13/2001,455
7/16/2001,491
7/17/2001,454
7/18/2001,454
7/19/2001,461
7/20/2001,463
7/23/2001,445
7/24/2001,438
7/25/2001,437
7/26/2001,443
7/27/2001,450
7/30/2001,450
7/31/2001,453
8/1/2001,459
8/2/2001,460
8/3/2001,464
8/6/2001,463
8/7/2001,464
8/8/2001,472
8/9/2001,482
8/10/2001,488
8/13/2001,489
8/14/2001,487
8/15/2001,489
8/16/2001,492
8/17/2001,478
8/20/2001,472
8/21/2001,457
8/22/2001,436
8/23/2001,431
8/24/2001,433
8/27/2001,443
8/28/2001,445
8/29/2001,442
8/30/2001,447
8/31/2001,444
9/3/2001,444
9/4/2001,446
9/5/2001,449
9/6/2001,453
9/7/2001,338
9/10/2001,474
9/11/2001,474
9/12/2001,474
9/13/2001,474
9/14/2001,465
9/17/2001,474
9/18/2001,451
9/19/2001,450
9/20/2001,450
9/21/2001,428
9/24/2001,397
9/25/2001,396
9/26/2001,402
9/27/2001,416
9/28/2001,420
10/1/2001,422
10/2/2001,424
10/3/2001,428
10/4/2001,434
10/5/2001,433
10/8/2001,446
10/9/2001,445
10/10/2001,446
10/11/2001,448
10/12/2001,452
10/15/2001,452
10/16/2001,450
10/17/2001,446
10/18/2001,456
10/19/2001,448
10/22/2001,444
10/23/2001,423
10/24/2001,414
10/25/2001,418
10/26/2001,424
10/29/2001,421
10/30/2001,426
10/31/2001,426
11/1/2001,286
11/2/2001,438
11/5/2001,448
11/6/2001,446
11/7/2001,446
11/8/2001,446
11/9/2001,447
11/12/2001,451
11/13/2001,457
11/14/2001,461
11/15/2001,447
11/16/2001,453
11/19/2001,445
11/20/2001,419
11/21/2001,411
11/22/2001,411
11/23/2001,411
11/26/2001,407
11/27/2001,408
11/28/2001,425
11/29/2001,413
11/30/2001,415
12/3/2001,420
12/4/2001,429
12/5/2001,321
12/6/2001,436
12/7/2001,444
12/10/2001,442
12/11/2001,446
12/12/2001,457
12/13/2001,454
12/14/2001,449
12/17/2001,448
12/18/2001,440
12/19/2001,431
12/20/2001,429
12/21/2001,431
12/24/2001,431
12/25/2001,431
12/26/2001,431
12/27/2001,430
12/28/2001,423
12/31/2001,421
1/1/2002,421
1/2/2002,419
1/3/2002,430
1/4/2002,439
1/7/2002,440
1/8/2002,440
1/9/2002,437
1/10/2002,449
1/11/2002,446
1/14/2002,454
1/15/2002,457
1/16/2002,463
1/17/2002,461
1/18/2002,461
1/21/2002,461
1/22/2002,445
1/23/2002,447
1/24/2002,437
1/25/2002,444
1/28/2002,453
1/29/2002,450
1/30/2002,448
1/31/2002,458
2/1/2002,451
2/4/2002,459
2/5/2002,452
2/6/2002,454
2/7/2002,459
2/8/2002,456
2/11/2002,459
2/12/2002,455
2/13/2002,474
2/14/2002,459
2/15/2002,457
2/18/2002,457
2/19/2002,457
2/20/2002,454
2/21/2002,443
2/22/2002,435
2/25/2002,442
2/26/2002,450
2/27/2002,454
2/28/2002,458
3/1/2002,463
3/4/2002,468
3/5/2002,476
3/6/2002,479
3/7/2002,487
3/8/2002,494
3/11/2002,505
3/12/2002,506
3/13/2002,507
3/14/2002,512
3/15/2002,518
3/18/2002,513
3/19/2002,515
3/20/2002,506
3/21/2002,509
3/22/2002,494
3/25/2002,492
3/26/2002,491
3/27/2002,488
3/28/2002,496
3/29/2002,496
4/1/2002,492
4/2/2002,494
4/3/2002,494
4/4/2002,498
4/5/2002,498
4/8/2002,498
4/9/2002,498
4/10/2002,496
4/11/2002,497
4/12/2002,501
4/15/2002,500
4/16/2002,497
4/17/2002,495
4/18/2002,501
4/19/2002,487
4/22/2002,476
4/23/2002,461
4/24/2002,464
4/25/2002,466
4/26/2002,472
4/29/2002,479
4/30/2002,479
5/1/2002,486
5/2/2002,490
5/3/2002,488
5/6/2002,493
5/7/2002,499
5/8/2002,507
5/9/2002,518
5/10/2002,519
5/13/2002,533
5/14/2002,533
5/15/2002,540
5/16/2002,544
5/17/2002,544
5/20/2002,529
5/21/2002,510
5/22/2002,489
5/23/2002,494
5/24/2002,501
5/27/2002,501
5/28/2002,502
5/29/2002,495
5/30/2002,499
5/31/2002,534
6/3/2002,515
6/4/2002,515
6/5/2002,510
6/6/2002,501
6/7/2002,491
6/10/2002,477
6/11/2002,475
6/12/2002,470
6/13/2002,469
6/14/2002,472
6/17/2002,476
6/18/2002,465
6/19/2002,469
6/20/2002,468
6/21/2002,468
6/24/2002,453
6/25/2002,452
6/26/2002,452
6/27/2002,455
6/28/2002,469
7/1/2002,475
7/2/2002,473
7/3/2002,470
7/4/2002,470
7/5/2002,470
7/8/2002,464
7/9/2002,460
7/10/2002,453
7/11/2002,454
7/12/2002,458
7/15/2002,459
7/16/2002,474
7/17/2002,486
7/18/2002,485
7/19/2002,486
7/22/2002,478
7/23/2002,464
7/24/2002,446
7/25/2002,444
7/26/2002,434
7/29/2002,431
7/30/2002,428
7/31/2002,430
8/1/2002,433
8/2/2002,423
8/5/2002,420
8/6/2002,418
8/7/2002,421
8/8/2002,422
8/9/2002,432
8/12/2002,441
8/13/2002,461
8/14/2002,466
8/15/2002,479
8/16/2002,484
8/19/2002,478
8/20/2002,458
8/21/2002,453
8/22/2002,451
8/23/2002,452
8/26/2002,451
8/27/2002,466
8/28/2002,471
8/29/2002,472
8/30/2002,489
9/2/2002,489
9/3/2002,485
9/4/2002,482
9/5/2002,479
9/6/2002,486
9/9/2002,491
9/10/2002,496
9/11/2002,490
9/12/2002,500
9/13/2002,499
9/16/2002,512
9/17/2002,503
9/18/2002,494
9/19/2002,503
9/20/2002,502
9/23/2002,502
9/24/2002,515
9/25/2002,518
9/26/2002,531
9/27/2002,533
9/30/2002,536
10/1/2002,540
10/2/2002,548
10/3/2002,558
10/4/2002,552
10/7/2002,553
10/8/2002,549
10/9/2002,549
10/10/2002,556
10/11/2002,560
10/14/2002,557
10/15/2002,563
10/16/2002,561
10/17/2002,563
10/18/2002,551
10/21/2002,540
10/22/2002,521
10/23/2002,498
10/24/2002,976
10/25/2002,489
10/28/2002,476
10/29/2002,480
10/30/2002,482
10/31/2002,483
11/1/2002,481
11/4/2002,472
11/5/2002,477
11/6/2002,486
11/7/2002,494
11/8/2002,491
11/11/2002,493
11/12/2002,492
11/13/2002,499
11/14/2002,513
11/15/2002,498
11/18/2002,498
11/19/2002,503
11/20/2002,482
11/21/2002,464
11/22/2002,462
11/25/2002,461
11/26/2002,455
11/27/2002,458
11/28/2002,458
11/29/2002,458
12/2/2002,463
12/3/2002,477
12/4/2002,479
12/5/2002,483
12/6/2002,498
12/9/2002,498
12/10/2002,492
12/11/2002,508
12/12/2002,507
12/13/2002,516
12/16/2002,515
12/17/2002,527
12/18/2002,533
12/19/2002,560
12/20/2002,568
12/23/2002,548
12/24/2002,557
12/25/2002,557
12/26/2002,564
12/27/2002,575
12/30/2002,579
12/31/2002,587
1/1/2003,587
1/2/2003,581
1/3/2003,587
1/6/2003,599
1/7/2003,610
1/8/2003,602
1/9/2003,591
1/10/2003,597
1/13/2003,596
1/14/2003,601
1/15/2003,611
1/16/2003,621
1/17/2003,634
1/20/2003,634
1/21/2003,621
1/22/2003,615
1/23/2003,605
1/24/2003,594
1/27/2003,602
1/28/2003,601
1/29/2003,606
1/30/2003,624
1/31/2003,631
2/3/2003,626
2/4/2003,623
2/5/2003,622
2/6/2003,627
2/7/2003,641
2/10/2003,641
2/11/2003,648
2/12/2003,654
2/13/2003,662
2/14/2003,662
2/17/2003,662
2/18/2003,658
2/19/2003,654
2/20/2003,637
2/21/2003,631
2/24/2003,637
2/25/2003,635
2/26/2003,646
2/27/2003,643
2/28/2003,637
3/3/2003,636
3/4/2003,642
3/5/2003,649
3/6/2003,652
3/7/2003,651
3/10/2003,646
3/11/2003,622
3/12/2003,617
3/13/2003,622
3/14/2003,598
3/17/2003,557
3/18/2003,547
3/19/2003,523
3/20/2003,514
3/21/2003,494
3/24/2003,492
3/25/2003,489
3/26/2003,486
3/27/2003,497
3/28/2003,504
3/31/2003,507
4/1/2003,505
4/2/2003,503
4/3/2003,504
4/4/2003,508
4/7/2003,510
4/8/2003,508
4/9/2003,511
4/10/2003,513
4/11/2003,513
4/14/2003,515
4/15/2003,515
4/16/2003,500
4/17/2003,491
4/18/2003,491
4/21/2003,486
4/22/2003,471
4/23/2003,466
4/24/2003,475
4/25/2003,476
4/28/2003,473
4/29/2003,480
4/30/2003,486
5/1/2003,483
5/2/2003,488
5/5/2003,497
5/6/2003,488
5/7/2003,496
5/8/2003,507
5/9/2003,501
5/12/2003,489
5/13/2003,505
5/14/2003,516
5/15/2003,494
5/16/2003,481
5/19/2003,471
5/20/2003,457
5/21/2003,453
5/22/2003,449
5/23/2003,451
5/26/2003,451
5/27/2003,454
5/28/2003,455
5/29/2003,465
5/30/2003,468
6/2/2003,484
6/3/2003,492
6/4/2003,492
6/5/2003,497
6/6/2003,497
6/9/2003,503
6/10/2003,510
6/11/2003,517
6/12/2003,523
6/13/2003,517
6/16/2003,513
6/17/2003,501
6/18/2003,490
6/19/2003,483
6/20/2003,475
6/23/2003,469
6/24/2003,465
6/25/2003,465
6/26/2003,481
6/27/2003,489
6/30/2003,504
7/1/2003,508
7/2/2003,507
7/3/2003,514
7/4/2003,514
7/7/2003,518
7/8/2003,524
7/9/2003,517
7/10/2003,529
7/11/2003,526
7/14/2003,521
7/15/2003,536
7/16/2003,529
7/17/2003,525
7/18/2003,537
7/21/2003,520
7/22/2003,511
7/23/2003,503
7/24/2003,509
7/25/2003,504
7/28/2003,504
7/29/2003,510
7/30/2003,523
7/31/2003,521
8/1/2003,553
8/4/2003,547
8/5/2003,555
8/6/2003,549
8/7/2003,556
8/8/2003,555
8/11/2003,557
8/12/2003,563
8/13/2003,551
8/14/2003,538
8/15/2003,547
8/18/2003,541
8/19/2003,527
8/20/2003,523
8/21/2003,531
8/22/2003,531
8/25/2003,531
8/26/2003,531
8/27/2003,533
8/28/2003,540
8/29/2003,548
9/1/2003,548
9/2/2003,547
9/3/2003,537
9/4/2003,524
9/5/2003,528
9/8/2003,520
9/9/2003,515
9/10/2003,512
9/11/2003,513
9/12/2003,508
9/15/2003,501
9/16/2003,506
9/17/2003,505
9/18/2003,508
9/19/2003,504
9/22/2003,492
9/23/2003,481
9/24/2003,489
9/25/2003,489
9/26/2003,490
9/29/2003,489
9/30/2003,501
10/1/2003,500
10/2/2003,503
10/3/2003,507
10/6/2003,518
10/7/2003,521
10/8/2003,525
10/9/2003,532
10/10/2003,546
10/13/2003,549
10/14/2003,562
10/15/2003,574
10/16/2003,562
10/17/2003,548
10/20/2003,546
10/21/2003,534
10/22/2003,530
10/23/2003,530
10/24/2003,532
10/27/2003,531
10/28/2003,533
10/29/2003,528
10/30/2003,517
10/31/2003,516
11/3/2003,515
11/4/2003,517
11/5/2003,527
11/6/2003,530
11/7/2003,534
11/10/2003,535
11/11/2003,539
11/12/2003,545
11/13/2003,550
11/14/2003,570
11/17/2003,573
11/18/2003,590
11/19/2003,581
11/20/2003,577
11/21/2003,579
11/24/2003,562
11/25/2003,546
11/26/2003,544
11/27/2003,544
11/28/2003,544
12/1/2003,539
12/2/2003,545
12/3/2003,550
12/4/2003,561
12/5/2003,552
12/8/2003,570
12/9/2003,569
12/10/2003,575
12/11/2003,582
12/12/2003,590
12/15/2003,598
12/16/2003,598
12/17/2003,612
12/18/2003,618
12/19/2003,599
12/22/2003,587
12/23/2003,585
12/24/2003,585
12/25/2003,585
12/26/2003,585
12/29/2003,588
12/30/2003,598
12/31/2003,600
1/1/2004,600
1/2/2004,600
1/5/2004,625
1/6/2004,629
1/7/2004,631
1/8/2004,630
1/9/2004,636
1/12/2004,644
1/13/2004,656
1/14/2004,672
1/15/2004,659
1/16/2004,652
1/19/2004,652
1/20/2004,644
1/21/2004,645
1/22/2004,643
1/23/2004,656
1/26/2004,659
1/27/2004,661
1/28/2004,663
1/29/2004,654
1/30/2004,652
2/2/2004,662
2/3/2004,664
2/4/2004,656
2/5/2004,645
2/6/2004,645
2/9/2004,638
2/10/2004,643
2/11/2004,654
2/12/2004,664
2/13/2004,664
2/16/2004,664
2/17/2004,665
2/18/2004,672
2/19/2004,662
2/20/2004,640
2/23/2004,648
2/24/2004,651
2/25/2004,673
2/26/2004,670
2/27/2004,673
3/1/2004,677
3/2/2004,669
3/3/2004,670
3/4/2004,678
3/5/2004,670
3/8/2004,662
3/9/2004,665
3/10/2004,663
3/11/2004,670
3/12/2004,675
3/15/2004,687
3/16/2004,700
3/17/2004,706
3/18/2004,703
3/19/2004,697
3/22/2004,669
3/23/2004,672
3/24/2004,668
3/25/2004,653
3/26/2004,651
3/29/2004,651
3/30/2004,668
3/31/2004,671
4/1/2004,679
4/2/2004,665
4/5/2004,656
4/6/2004,659
4/7/2004,657
4/8/2004,683
4/9/2004,683
4/12/2004,708
4/13/2004,722
4/14/2004,722
4/15/2004,717
4/16/2004,715
4/19/2004,707
4/20/2004,680
4/21/2004,667
4/22/2004,676
4/23/2004,675
4/26/2004,688
4/27/2004,697
4/28/2004,706
4/29/2004,709
4/30/2004,707
5/3/2004,714
5/4/2004,727
5/5/2004,736
5/6/2004,739
5/7/2004,726
5/10/2004,719
5/11/2004,727
5/12/2004,732
5/13/2004,736
5/14/2004,740
5/17/2004,727
5/18/2004,720
5/19/2004,722
5/20/2004,707
5/21/2004,694
5/24/2004,717
5/25/2004,714
5/26/2004,724
5/27/2004,717
5/28/2004,718
5/31/2004,718
6/1/2004,735
6/2/2004,730
6/3/2004,733
6/4/2004,721
6/7/2004,704
6/8/2004,695
6/9/2004,686
6/10/2004,686
6/11/2004,686
6/14/2004,696
6/15/2004,699
6/16/2004,705
6/17/2004,717
6/18/2004,717
6/21/2004,713
6/22/2004,701
6/23/2004,698
6/24/2004,696
6/25/2004,696
6/28/2004,692
6/29/2004,695
6/30/2004,698
7/1/2004,698
7/2/2004,694
7/5/2004,694
7/6/2004,699
7/7/2004,701
7/8/2004,697
7/9/2004,692
7/12/2004,682
7/13/2004,679
7/14/2004,695
7/15/2004,696
7/16/2004,710
7/19/2004,708
7/20/2004,697
7/21/2004,685
7/22/2004,692
7/23/2004,683
7/26/2004,680
7/27/2004,676
7/28/2004,693
7/29/2004,700
7/30/2004,706
8/2/2004,713
8/3/2004,726
8/4/2004,721
8/5/2004,726
8/6/2004,716
8/9/2004,706
8/10/2004,698
8/11/2004,707
8/12/2004,725
8/13/2004,735
8/16/2004,730
8/17/2004,730
8/18/2004,729
8/19/2004,714
8/20/2004,687
8/23/2004,686
8/24/2004,680
8/25/2004,686
8/26/2004,681
8/27/2004,685
8/30/2004,682
8/31/2004,689
9/1/2004,695
9/2/2004,695
9/3/2004,695
9/6/2004,695
9/7/2004,694
9/8/2004,689
9/9/2004,694
9/10/2004,691
9/13/2004,691
9/14/2004,682
9/15/2004,677
9/16/2004,676
9/17/2004,679
9/20/2004,672
9/21/2004,672
9/22/2004,676
9/23/2004,673
9/24/2004,673
9/27/2004,679
9/28/2004,688
9/29/2004,694
9/30/2004,703
10/1/2004,703
10/4/2004,703
10/5/2004,709
10/6/2004,721
10/7/2004,725
10/8/2004,730
10/11/2004,734
10/12/2004,735
10/13/2004,736
10/14/2004,744
10/15/2004,736
10/18/2004,716
10/19/2004,709
10/20/2004,711
10/21/2004,699
10/22/2004,703
10/25/2004,707
10/26/2004,707
10/27/2004,710
10/28/2004,713
10/29/2004,717
11/1/2004,713
11/2/2004,716
11/3/2004,709
11/4/2004,715
11/5/2004,710
11/8/2004,702
11/9/2004,712
11/10/2004,711
11/11/2004,714
11/12/2004,731
11/15/2004,732
11/16/2004,710
11/17/2004,703
11/18/2004,704
11/19/2004,689
11/22/2004,682
11/23/2004,693
11/24/2004,695
11/25/2004,695
11/26/2004,694
11/29/2004,685
11/30/2004,690
12/1/2004,689
12/2/2004,692
12/3/2004,684
12/6/2004,692
12/7/2004,690
12/8/2004,691
12/9/2004,688
12/10/2004,696
12/13/2004,691
12/14/2004,704
12/15/2004,682
12/16/2004,679
12/17/2004,671
12/20/2004,654
12/21/2004,662
12/22/2004,660
12/23/2004,657
12/24/2004,643
12/27/2004,659
12/28/2004,656
12/29/2004,659
12/30/2004,669
12/31/2004,662
1/3/2005,679
1/4/2005,683
1/5/2005,686
1/6/2005,698
1/7/2005,694
1/10/2005,702
1/11/2005,707
1/12/2005,709
1/13/2005,718
1/14/2005,723
1/17/2005,713
1/18/2005,719
1/19/2005,705
1/20/2005,709
1/21/2005,702
1/24/2005,707
1/25/2005,714
1/26/2005,722
1/27/2005,727
1/28/2005,730
1/31/2005,736
2/1/2005,734
2/2/2005,744
2/3/2005,745
2/4/2005,743
2/7/2005,738
2/8/2005,731
2/9/2005,720
2/10/2005,729
2/11/2005,721
2/14/2005,737
2/15/2005,740
2/16/2005,744
2/17/2005,744
2/18/2005,761
2/21/2005,752
2/22/2005,760
2/23/2005,764
2/24/2005,766
2/25/2005,765
2/28/2005,779
3/1/2005,776
3/2/2005,796
3/3/2005,806
3/4/2005,809
3/7/2005,808
3/8/2005,816
3/9/2005,818
3/10/2005,827
3/11/2005,843
3/14/2005,846
3/15/2005,842
3/16/2005,853
3/17/2005,853
3/18/2005,837
3/21/2005,827
3/22/2005,846
3/23/2005,844
3/24/2005,842
3/25/2005,842
3/28/2005,849
3/29/2005,839
3/30/2005,835
3/31/2005,838
4/1/2005,845
4/4/2005,852
4/5/2005,860
4/6/2005,869
4/7/2005,857
4/8/2005,846
4/11/2005,844
4/12/2005,837
4/13/2005,837
4/14/2005,844
4/15/2005,844
4/18/2005,834
4/19/2005,822
4/20/2005,825
4/21/2005,826
4/22/2005,816
4/25/2005,819
4/26/2005,811
4/27/2005,821
4/28/2005,803
4/29/2005,802
5/2/2005,807
5/3/2005,811
5/4/2005,827
5/5/2005,819
5/6/2005,822
5/9/2005,820
5/10/2005,832
5/11/2005,838
5/12/2005,820
5/13/2005,815
5/16/2005,819
5/17/2005,791
5/18/2005,787
5/19/2005,768
5/20/2005,763
5/23/2005,767
5/24/2005,763
5/25/2005,782
5/26/2005,773
5/27/2005,779
5/30/2005,779
5/31/2005,783
6/1/2005,786
6/2/2005,789
6/3/2005,790
6/6/2005,787
6/7/2005,784
6/8/2005,774
6/9/2005,773
6/10/2005,778
6/13/2005,795
6/14/2005,807
6/15/2005,808
6/16/2005,801
6/17/2005,795
6/20/2005,785
6/21/2005,772
6/22/2005,765
6/23/2005,778
6/24/2005,778
6/27/2005,785
6/28/2005,783
6/29/2005,788
6/30/2005,789
7/1/2005,809
7/4/2005,808
7/5/2005,814
7/6/2005,823
7/7/2005,826
7/8/2005,826
7/11/2005,825
7/12/2005,828
7/13/2005,849
7/14/2005,850
7/15/2005,842
7/18/2005,830
7/19/2005,834
7/20/2005,807
7/21/2005,803
7/22/2005,805
7/25/2005,800
7/26/2005,803
7/27/2005,806
7/28/2005,807
7/29/2005,816
8/1/2005,830
8/2/2005,840
8/3/2005,850
8/4/2005,856
8/5/2005,861
8/8/2005,876
8/9/2005,888
8/10/2005,907
8/11/2005,933
8/12/2005,941
8/15/2005,953
8/16/2005,958
8/17/2005,950
8/18/2005,923
8/19/2005,918
8/22/2005,902
8/23/2005,896
8/24/2005,902
8/25/2005,910
8/26/2005,910
8/29/2005,917
8/30/2005,914
8/31/2005,909
9/1/2005,916
9/2/2005,917
9/5/2005,904
9/6/2005,898
9/7/2005,879
9/8/2005,871
9/9/2005,873
9/12/2005,873
9/13/2005,873
9/14/2005,884
9/15/2005,876
9/16/2005,875
9/19/2005,864
9/20/2005,847
9/21/2005,842
9/22/2005,853
9/23/2005,854
9/26/2005,848
9/27/2005,851
9/28/2005,868
9/29/2005,871
9/30/2005,872
10/3/2005,871
10/4/2005,866
10/5/2005,874
10/6/2005,868
10/7/2005,864
10/10/2005,851
10/11/2005,852
10/12/2005,867
10/13/2005,869
10/14/2005,876
10/17/2005,876
10/18/2005,860
10/19/2005,858
10/20/2005,843
10/21/2005,834
10/24/2005,825
10/25/2005,817
10/26/2005,818
10/27/2005,815
10/28/2005,815
10/31/2005,816
11/1/2005,822
11/2/2005,827
11/3/2005,834
11/4/2005,838
11/7/2005,831
11/8/2005,831
11/9/2005,837
11/10/2005,845
11/11/2005,857
11/14/2005,850
11/15/2005,845
11/16/2005,851
11/17/2005,839
11/18/2005,812
11/21/2005,808
11/22/2005,806
11/23/2005,817
11/24/2005,817
11/25/2005,812
11/28/2005,822
11/29/2005,837
11/30/2005,850
12/1/2005,862
12/2/2005,870
12/5/2005,857
12/6/2005,861
12/7/2005,865
12/8/2005,856
12/9/2005,856
12/12/2005,855
12/13/2005,869
12/14/2005,864
12/15/2005,852
12/16/2005,844
12/19/2005,833
12/20/2005,813
12/21/2005,812
12/22/2005,809
12/23/2005,810
12/26/2005,810
12/27/2005,819
12/28/2005,821
12/29/2005,824
12/30/2005,816
1/2/2006,816
1/3/2006,850
1/4/2006,870
1/5/2006,872
1/6/2006,888
1/9/2006,892
1/10/2006,893
1/11/2006,902
1/12/2006,905
1/13/2006,925
1/16/2006,905
1/17/2006,910
1/18/2006,905
1/19/2006,908
1/20/2006,897
1/23/2006,901
1/24/2006,908
1/25/2006,913
1/26/2006,920
1/27/2006,936
1/30/2006,951
1/31/2006,951
2/1/2006,951
2/2/2006,954
2/3/2006,957
2/6/2006,948
2/7/2006,941
2/8/2006,928
2/9/2006,932
2/10/2006,925
2/13/2006,930
2/14/2006,927
2/15/2006,910
2/16/2006,911
2/17/2006,906
2/20/2006,903
2/21/2006,889
2/22/2006,901
2/23/2006,921
2/24/2006,926
2/27/2006,932
2/28/2006,942
3/1/2006,949
3/2/2006,951
3/3/2006,970
3/6/2006,958
3/7/2006,966
3/8/2006,962
3/9/2006,962
3/10/2006,962
3/13/2006,975
3/14/2006,980
3/15/2006,979
3/16/2006,974
3/17/2006,979
3/20/2006,948
3/21/2006,929
3/22/2006,923
3/23/2006,929
3/24/2006,928
3/27/2006,930
3/28/2006,936
3/29/2006,944
3/30/2006,955
3/31/2006,963
4/3/2006,960
4/4/2006,968
4/5/2006,977
4/6/2006,990
4/7/2006,988
4/10/2006,985
4/11/2006,988
4/12/2006,1009
4/13/2006,1006
4/14/2006,1006
4/17/2006,1015
4/18/2006,1003
4/19/2006,1001
4/20/2006,997
4/21/2006,997
4/24/2006,1002
4/25/2006,1018
4/26/2006,1024
4/27/2006,1029
4/28/2006,1058
5/1/2006,1069
5/2/2006,1092
5/3/2006,1095
5/4/2006,1092
5/5/2006,1083
5/8/2006,1079
5/9/2006,1091
5/10/2006,1094
5/11/2006,1108
5/12/2006,1092
5/15/2006,1085
5/16/2006,1069
5/17/2006,1054
5/18/2006,1037
5/19/2006,1017
5/22/2006,999
5/23/2006,995
5/24/2006,1005
5/25/2006,1012
5/26/2006,1017
5/29/2006,1017
5/30/2006,1018
5/31/2006,1028
6/1/2006,1050
6/2/2006,1036
6/5/2006,1040
6/6/2006,1044
6/7/2006,1044
6/8/2006,1039
6/9/2006,1040
6/12/2006,1050
6/13/2006,1044
6/14/2006,1049
6/15/2006,1020
6/16/2006,1005
6/19/2006,981
6/20/2006,969
6/21/2006,969
6/22/2006,980
6/23/2006,979
6/26/2006,983
6/27/2006,992
6/28/2006,1000
6/29/2006,1021
6/30/2006,1027
7/3/2006,1014
7/4/2006,1014
7/5/2006,1039
7/6/2006,1058
7/7/2006,1051
7/10/2006,1067
7/11/2006,1061
7/12/2006,1069
7/13/2006,1090
7/14/2006,1092
7/17/2006,1095
7/18/2006,1087
7/19/2006,1052
7/20/2006,1052
7/21/2006,1042
7/24/2006,1047
7/25/2006,1051
7/26/2006,1064
7/27/2006,1084
7/28/2006,1106
7/31/2006,1101
8/1/2006,1110
8/2/2006,1137
8/3/2006,1155
8/4/2006,1155
8/7/2006,1167
8/8/2006,1165
8/9/2006,1214
8/10/2006,1209
8/11/2006,1199
8/14/2006,1207
8/15/2006,1210
8/16/2006,1190
8/17/2006,1174
8/18/2006,1168
8/21/2006,1143
8/22/2006,1123
8/23/2006,1128
8/24/2006,1150
8/25/2006,1152
8/28/2006,1150
8/29/2006,1150
8/30/2006,1152
8/31/2006,1166
9/1/2006,1166
9/4/2006,1166
9/5/2006,1170
9/6/2006,1174
9/7/2006,1201
9/8/2006,1218
9/11/2006,1215
9/12/2006,1214
9/13/2006,1217
9/14/2006,1216
9/15/2006,1209
9/18/2006,1191
9/19/2006,1177
9/20/2006,1163
9/21/2006,1161
9/22/2006,1162
9/25/2006,1153
9/26/2006,1149
9/27/2006,1155
9/28/2006,1165
9/29/2006,1167
10/2/2006,1170
10/3/2006,1174
10/4/2006,1184
10/5/2006,1188
10/6/2006,1199
10/9/2006,1187
10/10/2006,1193
10/11/2006,1188
10/12/2006,1192
10/13/2006,1195
10/16/2006,1200
10/17/2006,1186
10/18/2006,1183
10/19/2006,1149
10/20/2006,1138
10/23/2006,1129
10/24/2006,1134
10/25/2006,1139
10/26/2006,1132
10/27/2006,1147
10/30/2006,1150
10/31/2006,1159
11/1/2006,1146
11/2/2006,1158
11/3/2006,1154
11/6/2006,1164
11/7/2006,1161
11/8/2006,1179
11/9/2006,1206
11/10/2006,1219
11/13/2006,1231
11/14/2006,1220
11/15/2006,1197
11/16/2006,1171
11/17/2006,1153
11/20/2006,1147
11/21/2006,1153
11/22/2006,1153
11/23/2006,1153
11/24/2006,1153
11/27/2006,1160
11/28/2006,1172
11/29/2006,1202
11/30/2006,1214
12/1/2006,1223
12/4/2006,1227
12/5/2006,1219
12/6/2006,1221
12/7/2006,1226
12/8/2006,1213
12/11/2006,1217
12/12/2006,1223
12/13/2006,1223
12/14/2006,1219
12/15/2006,1214
12/18/2006,1171
12/19/2006,1162
12/20/2006,1161
12/21/2006,1169
12/22/2006,1176
12/25/2006,1176
12/26/2006,1180
12/27/2006,1185
12/28/2006,1191
12/29/2006,1191
1/1/2007,1191
1/2/2007,1196
1/3/2007,1227
1/4/2007,1252
1/5/2007,1274
1/8/2007,1303
1/9/2007,1280
1/10/2007,1276
1/11/2007,1300
1/12/2007,1314
1/15/2007,1314
1/16/2007,1317
1/17/2007,1304
1/18/2007,1301
1/19/2007,1277
1/22/2007,1272
1/23/2007,1270
1/24/2007,1266
1/25/2007,1284
1/26/2007,1290
1/29/2007,1296
1/30/2007,1307
1/31/2007,1295
2/1/2007,1292
2/2/2007,1296
2/5/2007,1300
2/6/2007,1298
2/7/2007,1299
2/8/2007,1294
2/9/2007,1307
2/12/2007,1311
2/13/2007,1323
2/14/2007,1300
2/15/2007,1283
2/16/2007,1255
2/19/2007,1255
2/20/2007,1227
2/21/2007,1241
2/22/2007,1258
2/23/2007,1261
2/26/2007,1259
2/27/2007,1269
2/28/2007,1287
3/1/2007,1282
3/2/2007,1280
3/5/2007,1285
3/6/2007,1275
3/7/2007,1299
3/8/2007,1287
3/9/2007,1297
3/12/2007,1309
3/13/2007,1322
3/14/2007,1324
3/15/2007,1328
3/16/2007,1334
3/19/2007,1322
3/20/2007,1313
3/21/2007,1309
3/22/2007,1325
3/23/2007,1329
3/26/2007,1327
3/27/2007,1330
3/28/2007,1335
3/29/2007,1350
3/30/2007,1355
4/2/2007,1362
4/3/2007,1358
4/4/2007,1377
4/5/2007,1369
4/6/2007,1369
4/9/2007,1329
4/10/2007,1326
4/11/2007,1312
4/12/2007,1334
4/13/2007,1351
4/16/2007,1348
4/17/2007,1310
4/18/2007,1304
4/19/2007,1300
4/20/2007,1298
4/23/2007,1302
4/24/2007,1316
4/25/2007,1314
4/26/2007,1311
4/27/2007,1317
4/30/2007,1329
5/1/2007,1342
5/2/2007,1345
5/3/2007,1360
5/4/2007,1372
5/7/2007,1384
5/8/2007,1385
5/9/2007,1407
5/10/2007,1409
5/11/2007,1435
5/14/2007,1443
5/15/2007,1449
5/16/2007,1439
5/17/2007,1428
5/18/2007,1387
5/21/2007,1364
5/22/2007,1350
5/23/2007,1367
5/24/2007,1379
5/25/2007,1382
5/28/2007,1382
5/29/2007,1389
5/30/2007,1384
5/31/2007,1397
6/1/2007,1393
6/4/2007,1415
6/5/2007,1424
6/6/2007,1425
6/7/2007,1428
6/8/2007,1436
6/11/2007,1419
6/12/2007,1433
6/13/2007,1437
6/14/2007,1450
6/15/2007,1438
6/18/2007,1434
6/19/2007,1423
6/20/2007,1428
6/21/2007,1417
6/22/2007,1417
6/25/2007,1434
6/26/2007,1436
6/27/2007,1440
6/28/2007,1470
6/29/2007,1475
7/2/2007,1487
7/3/2007,1500
7/4/2007,1500
7/5/2007,1522
7/6/2007,1529
7/9/2007,1543
7/10/2007,1546
7/11/2007,1556
7/12/2007,1551
7/13/2007,1571
7/16/2007,1579
7/17/2007,1549
7/18/2007,1540
7/19/2007,1531
7/20/2007,1511
7/23/2007,1494
7/24/2007,1486
7/25/2007,1485
7/26/2007,1492
7/27/2007,1506
7/30/2007,1502
7/31/2007,1521
8/1/2007,1538
8/2/2007,1527
8/3/2007,1519
8/6/2007,1514
8/7/2007,1505
8/8/2007,1507
8/9/2007,1514
8/10/2007,1507
8/13/2007,1521
8/14/2007,1517
8/15/2007,1518
8/16/2007,1488
8/17/2007,1466
8/20/2007,1448
8/21/2007,1422
8/22/2007,1408
8/23/2007,1414
8/24/2007,1429
8/27/2007,1425
8/28/2007,1433
8/29/2007,1442
8/30/2007,1458
8/31/2007,1466
9/3/2007,1466
9/4/2007,1489
9/5/2007,1504
9/6/2007,1529
9/7/2007,1535
9/10/2007,1548
9/11/2007,1545
9/12/2007,1572
9/13/2007,1543
9/14/2007,1548
9/17/2007,1525
9/18/2007,1488
9/19/2007,1459
9/20/2007,1416
9/21/2007,1414
9/24/2007,1409
9/25/2007,1410
9/26/2007,1411
9/27/2007,1421
9/28/2007,1421
10/1/2007,1421
10/2/2007,1426
10/3/2007,1432
10/4/2007,1435
10/5/2007,1428
10/8/2007,1409
10/9/2007,1441
10/10/2007,1433
10/11/2007,1485
10/12/2007,1508
10/15/2007,1488
10/16/2007,1489
10/17/2007,1472
10/18/2007,1469
10/19/2007,1458
10/22/2007,1413
10/23/2007,1408
10/24/2007,1415
10/25/2007,1435
10/26/2007,1454
10/29/2007,1449
10/30/2007,1448
10/31/2007,1469
11/1/2007,1482
11/2/2007,1501
11/5/2007,1529
11/6/2007,1513
11/7/2007,1546
11/8/2007,1535
11/9/2007,1557
11/12/2007,1538
11/13/2007,1445
11/14/2007,1451
11/15/2007,1393
11/16/2007,1382
11/19/2007,1382
11/20/2007,1398
11/21/2007,1405
11/22/2007,1405
11/23/2007,1406
11/26/2007,1408
11/27/2007,1404
11/28/2007,1404
11/29/2007,1407
11/30/2007,1405
12/3/2007,1385
12/4/2007,1383
12/5/2007,1430
12/6/2007,1390
12/7/2007,1384
12/10/2007,1371
12/11/2007,1381
12/12/2007,1396
12/13/2007,1398
12/14/2007,1377
12/17/2007,1350
12/18/2007,1330
12/19/2007,1330
12/20/2007,1333
12/21/2007,1330
12/24/2007,1326
12/25/2007,1326
12/26/2007,1333
12/27/2007,1356
12/28/2007,1348
12/31/2007,1361
1/1/2008,1361
1/2/2008,1382
1/3/2008,1413
1/4/2008,1418
1/7/2008,1405
1/8/2008,1414
1/9/2008,1423
1/10/2008,1425
1/11/2008,1445
1/14/2008,1459
1/15/2008,1458
1/16/2008,1412
1/17/2008,1378
1/18/2008,1356
1/21/2008,1356
1/22/2008,1343
1/23/2008,1336
1/24/2008,1343
1/25/2008,1349
1/28/2008,1357
1/29/2008,1366
1/30/2008,1388
1/31/2008,1395
2/1/2008,1395
2/4/2008,1372
2/5/2008,1369
2/6/2008,1382
2/7/2008,1376
2/8/2008,1386
2/11/2008,1376
2/12/2008,1393
2/13/2008,1375
2/14/2008,1368
2/15/2008,1353
2/18/2008,1353
2/19/2008,1355
2/20/2008,1353
2/21/2008,1370
2/22/2008,1392
2/25/2008,1390
2/26/2008,1406
2/27/2008,1411
2/28/2008,1429
2/29/2008,1445
3/3/2008,1461
3/4/2008,1451
3/5/2008,1468
3/6/2008,1451
3/7/2008,1467
3/10/2008,1479
3/11/2008,1484
3/12/2008,1493
3/13/2008,1498
3/14/2008,1446
3/17/2008,1430
3/18/2008,1407
3/19/2008,1368
3/20/2008,1352
3/21/2008,1352
3/24/2008,1344
3/25/2008,1363
3/26/2008,1398
3/27/2008,1415
3/28/2008,1402
3/31/2008,1397
4/1/2008,1382
4/2/2008,1386
4/3/2008,1404
4/4/2008,1403
4/7/2008,1418
4/8/2008,1412
4/9/2008,1433
4/10/2008,1433
4/11/2008,1432
4/14/2008,1439
4/15/2008,1441
4/16/2008,1444
4/17/2008,1424
4/18/2008,1383
4/21/2008,1343
4/22/2008,1337
4/23/2008,1335
4/24/2008,1355
4/25/2008,1370
4/28/2008,1364
4/29/2008,1365
4/30/2008,1367
5/1/2008,1374
5/2/2008,1380
5/5/2008,1406
5/6/2008,1422
5/7/2008,1429
5/8/2008,1445
5/9/2008,1455
5/12/2008,1460
5/13/2008,1477
5/14/2008,1475
5/15/2008,1429
5/16/2008,1380
5/19/2008,1354
5/20/2008,1357
5/21/2008,1353
5/22/2008,1356
5/23/2008,1347
5/26/2008,1347
5/27/2008,1339
5/28/2008,1352
5/29/2008,1373
5/30/2008,1369
6/2/2008,1355
6/3/2008,1356
6/4/2008,1367
6/5/2008,1383
6/6/2008,1427
6/9/2008,1431
6/10/2008,1419
6/11/2008,1426
6/12/2008,1403
6/13/2008,1394
6/16/2008,1377
6/17/2008,1335
6/18/2008,1321
6/19/2008,1309
6/20/2008,1304
6/23/2008,1305
6/24/2008,1306
6/25/2008,1288
6/26/2008,1297
6/27/2008,1302
6/30/2008,1286
7/1/2008,1294
7/2/2008,1296
7/3/2008,1297
7/4/2008,1297
7/7/2008,1313
7/8/2008,1316
7/9/2008,1332
7/10/2008,1334
7/11/2008,1356
7/14/2008,1321
7/15/2008,1344
7/16/2008,1310
7/17/2008,1281
7/18/2008,1267
7/21/2008,1234
7/22/2008,1217
7/23/2008,1219
7/24/2008,1219
7/25/2008,1220
7/28/2008,1214
7/29/2008,1221
7/30/2008,1244
7/31/2008,1267
8/1/2008,1254
8/4/2008,1246
8/5/2008,1249
8/6/2008,1274
8/7/2008,1254
8/8/2008,1252
8/11/2008,1241
8/12/2008,1241
8/13/2008,1260
8/14/2008,1260
8/15/2008,1227
8/18/2008,1222
8/19/2008,1204
8/20/2008,1195
8/21/2008,1196
8/22/2008,1195
8/25/2008,1196
8/26/2008,1188
8/27/2008,1190
8/28/2008,1184
8/29/2008,1183
9/1/2008,1183
9/2/2008,1227
9/3/2008,1193
9/4/2008,1200
9/5/2008,1202
9/8/2008,1207
9/9/2008,1231
9/10/2008,1209
9/11/2008,1217
9/12/2008,1223
9/15/2008,1241
9/16/2008,1242
9/17/2008,1185
9/18/2008,1165
9/19/2008,1128
9/22/2008,1116
9/23/2008,1113
9/24/2008,1107
9/25/2008,1103
9/26/2008,1098
9/29/2008,1103
9/30/2008,1092
10/1/2008,1090
10/2/2008,1091
10/3/2008,1091
10/6/2008,1087
10/7/2008,1088
10/8/2008,1092
10/9/2008,1084
10/10/2008,1084
10/13/2008,1092
10/14/2008,1090
10/15/2008,1092
10/16/2008,1076
10/17/2008,1055
10/20/2008,1039
10/21/2008,1036
10/22/2008,1047
10/23/2008,1054
10/24/2008,1062
10/27/2008,1064
10/28/2008,1073
10/29/2008,1066
10/30/2008,1110
10/31/2008,1108
11/3/2008,1113
11/4/2008,1125
11/5/2008,1129
11/6/2008,1147
11/7/2008,1149
11/10/2008,1146
11/11/2008,1155
11/12/2008,1167
11/13/2008,1213
11/14/2008,1215
11/17/2008,1148
11/18/2008,1123
11/19/2008,1099
11/20/2008,1099
11/21/2008,1112
11/24/2008,1120
11/25/2008,1121
11/26/2008,1136
11/27/2008,1136
11/28/2008,1141
12/1/2008,1135
12/2/2008,1147
12/3/2008,1173
12/4/2008,1191
12/5/2008,1195
12/8/2008,1191
12/9/2008,1168
12/10/2008,1155
12/11/2008,1159
12/12/2008,1165
12/15/2008,1167
12/16/2008,1167
12/17/2008,1174
12/18/2008,1141
12/19/2008,1132
12/22/2008,1136
12/23/2008,1134
12/24/2008,1143
12/25/2008,1143
12/26/2008,1146
12/29/2008,1165
12/30/2008,1169
12/31/2008,1189
1/1/2009,1189
1/2/2009,1193
1/5/2009,1204
1/6/2009,1215
1/7/2009,1216
1/8/2009,1188
1/9/2009,1222
1/12/2009,1212
1/13/2009,1247
1/14/2009,1270
1/15/2009,1265
1/16/2009,1246
1/19/2009,1246
1/20/2009,1250
1/21/2009,1243
1/22/2009,1231
1/23/2009,1240
1/26/2009,1233
1/27/2009,1246
1/28/2009,1246
1/29/2009,1240
1/30/2009,1244
2/2/2009,1262
2/3/2009,1254
2/4/2009,1245
2/5/2009,1252
2/6/2009,1233
2/9/2009,1228
2/10/2009,1238
2/11/2009,1242
2/12/2009,1281
2/13/2009,1263
2/16/2009,1263
2/17/2009,1230
2/18/2009,1220
2/19/2009,1198
2/20/2009,1173
2/23/2009,1170
2/24/2009,1179
2/25/2009,1190
2/26/2009,1194
2/27/2009,1192
3/2/2009,1187
3/3/2009,1192
3/4/2009,1213
3/5/2009,1215
3/6/2009,1222
3/9/2009,1223
3/10/2009,1210
3/11/2009,1234
3/12/2009,1241
3/13/2009,1223
3/16/2009,1216
3/17/2009,1197
3/18/2009,1188
3/19/2009,1152
3/20/2009,1153
3/23/2009,1162
3/24/2009,1160
3/25/2009,1187
3/26/2009,1157
3/27/2009,1161
3/30/2009,1147
3/31/2009,1149
4/1/2009,1161
4/2/2009,1163
4/3/2009,1168
4/6/2009,1175
4/7/2009,1162
4/8/2009,1177
4/9/2009,1205
4/10/2009,1205
4/13/2009,1181
4/14/2009,1193
4/15/2009,1181
4/16/2009,1186
4/17/2009,1157
4/20/2009,1168
4/21/2009,1140
4/22/2009,1140
4/23/2009,1138
4/24/2009,1137
4/27/2009,1141
4/28/2009,1139
4/29/2009,1151
4/30/2009,1167
5/1/2009,1183
5/4/2009,1190
5/5/2009,1198
5/6/2009,1189
5/7/2009,1202
5/8/2009,1213
5/11/2009,1200
5/12/2009,1247
5/13/2009,1220
5/14/2009,1174
5/15/2009,1136
5/18/2009,1112
5/19/2009,1094
5/20/2009,1100
5/21/2009,1104
5/22/2009,1099
5/25/2009,1099
5/26/2009,1096
5/27/2009,1124
5/28/2009,1148
5/29/2009,1164
6/1/2009,1168
6/2/2009,1192
6/3/2009,1230
6/4/2009,1238
6/5/2009,1221
6/8/2009,1207
6/9/2009,1204
6/10/2009,1209
6/11/2009,1228
6/12/2009,1206
6/15/2009,1207
6/16/2009,1198
6/17/2009,1185
6/18/2009,1165
6/19/2009,1162
6/22/2009,1138
6/23/2009,1111
6/24/2009,1123
6/25/2009,1151
6/26/2009,1127
6/29/2009,1148
6/30/2009,1160
7/1/2009,1160
7/2/2009,1170
7/3/2009,1170
7/6/2009,1151
7/7/2009,1163
7/8/2009,1170
7/9/2009,1165
7/10/2009,1197
7/13/2009,1177
7/14/2009,1204
7/15/2009,1185
7/16/2009,1167
7/17/2009,1163
7/20/2009,1172
7/21/2009,1150
7/22/2009,1159
7/23/2009,1180
7/24/2009,1159
7/27/2009,1170
7/28/2009,1174
7/29/2009,1165
7/30/2009,1172
7/31/2009,1191
8/3/2009,1202
8/4/2009,1203
8/5/2009,1208
8/6/2009,1236
8/7/2009,1191
8/10/2009,1172
8/11/2009,1172
8/12/2009,1181
8/13/2009,1197
8/14/2009,1189
8/17/2009,1164
8/18/2009,1173
8/19/2009,1171
8/20/2009,1142
8/21/2009,1152
8/24/2009,1157
8/25/2009,1159
8/26/2009,1157
8/27/2009,1152
8/28/2009,1158
8/31/2009,1163
9/1/2009,1165
9/2/2009,1166
9/3/2009,1168
9/4/2009,1170
9/7/2009,1170
9/8/2009,1178
9/9/2009,1193
9/10/2009,1183
9/11/2009,1184
9/14/2009,1220
9/15/2009,1198
9/16/2009,1185
9/17/2009,1198
9/18/2009,1171
9/21/2009,1151
9/22/2009,1125
9/23/2009,1145
9/24/2009,1161
9/25/2009,1163
9/28/2009,1171
9/29/2009,1178
9/30/2009,1191
10/1/2009,1203
10/2/2009,1228
10/5/2009,1222
10/6/2009,1249
10/7/2009,1243
10/8/2009,1250
10/9/2009,1221
10/12/2009,1225
10/13/2009,1263
10/14/2009,1282
10/15/2009,1282
10/16/2009,1261
10/19/2009,1232
10/20/2009,1216
10/21/2009,1214
10/22/2009,1229
10/23/2009,1202
10/26/2009,1225
10/27/2009,1221
10/28/2009,1240
10/29/2009,1198
10/30/2009,1244
11/2/2009,1201
11/3/2009,1191
11/4/2009,1242
11/5/2009,1225
11/6/2009,1216
11/9/2009,1215
11/10/2009,1235
11/11/2009,1245
11/12/2009,1265
11/13/2009,1255
11/16/2009,1245
11/17/2009,1199
11/18/2009,1189
11/19/2009,1169
11/20/2009,1143
11/23/2009,1163
11/24/2009,1183
11/25/2009,1183
11/26/2009,1183
11/27/2009,1217
11/30/2009,1198
12/1/2009,1210
12/2/2009,1203
12/3/2009,1217
12/4/2009,1226
12/7/2009,1264
12/8/2009,1218
12/9/2009,1213
12/10/2009,1198
12/11/2009,1242
12/14/2009,1218
12/15/2009,1217
12/16/2009,1218
12/17/2009,1187
12/18/2009,1167
12/21/2009,1164
12/22/2009,1159
12/23/2009,1174
12/24/2009,1179
12/25/2009,1179
12/28/2009,1179
12/29/2009,1185
12/30/2009,1198
12/31/2009,1193
1/1/2010,1193
1/4/2010,1242
1/5/2010,1231
1/6/2010,1265
1/7/2010,1277
1/8/2010,1290
1/11/2010,1294
1/12/2010,1301
1/13/2010,1316
1/14/2010,1347
1/15/2010,1330
1/18/2010,1330
1/19/2010,1325
1/20/2010,1333
1/21/2010,1327
1/22/2010,1311
1/25/2010,1318
1/26/2010,1321
1/27/2010,1307
1/28/2010,1316
1/29/2010,1320
2/1/2010,1325
2/2/2010,1361
2/3/2010,1336
2/4/2010,1318
2/5/2010,1305
2/8/2010,1309
2/9/2010,1308
2/10/2010,1306
2/11/2010,1331
2/12/2010,1333
2/15/2010,1333
2/16/2010,1302
2/17/2010,1306
2/18/2010,1292
2/19/2010,1298
2/22/2010,1263
2/23/2010,1280
2/24/2010,1296
2/25/2010,1285
2/26/2010,1274
3/1/2010,1279
3/2/2010,1297
3/3/2010,1307
3/4/2010,1322
3/5/2010,1332
3/8/2010,1322
3/9/2010,1348
3/10/2010,1354
3/11/2010,1372
3/12/2010,1395
3/15/2010,1345
3/16/2010,1357
3/17/2010,1342
3/18/2010,1403
3/19/2010,1325
3/22/2010,1300
3/23/2010,1299
3/24/2010,1291
3/25/2010,1284
3/26/2010,1289
3/29/2010,1297
3/30/2010,1284
3/31/2010,1310
4/1/2010,1349
4/2/2010,1349
4/5/2010,1333
4/6/2010,1343
4/7/2010,1350
4/8/2010,1365
4/9/2010,1378
4/12/2010,1386
4/13/2010,1392
4/14/2010,1386
4/15/2010,1388
4/16/2010,1380
4/19/2010,1356
4/20/2010,1357
4/21/2010,1363
4/22/2010,1363
4/23/2010,1368
4/26/2010,1387
4/27/2010,1396
4/28/2010,1402
4/29/2010,1406
4/30/2010,1447
5/3/2010,1444
5/4/2010,1445
5/5/2010,1444
5/6/2010,1483
5/7/2010,1475
5/10/2010,1462
5/11/2010,1470
5/12/2010,1470
5/13/2010,1482
5/14/2010,1471
5/17/2010,1472
5/18/2010,1388
5/19/2010,1371
5/20/2010,1342
5/21/2010,1344
5/24/2010,1343
5/25/2010,1346
5/26/2010,1361
5/27/2010,1361
5/28/2010,1362
5/31/2010,1362
6/1/2010,1367
6/2/2010,1345
6/3/2010,1353
6/4/2010,1350
6/7/2010,1342
6/8/2010,1322
6/9/2010,1333
6/10/2010,1339
6/11/2010,1339
6/14/2010,1345
6/15/2010,1337
6/16/2010,1327
6/17/2010,1296
6/18/2010,1283
6/21/2010,1272
6/22/2010,1260
6/23/2010,1261
6/24/2010,1255
6/25/2010,1253
6/28/2010,1261
6/29/2010,1260
6/30/2010,1264
7/1/2010,1267
7/2/2010,1266
7/5/2010,1266
7/6/2010,1272
7/7/2010,1277
7/8/2010,1275
7/9/2010,1281
7/12/2010,1284
7/13/2010,1276
7/14/2010,1279
7/15/2010,1258
7/16/2010,1247
7/19/2010,1223
7/20/2010,1214
7/21/2010,1231
7/22/2010,1238
7/23/2010,1239
7/26/2010,1239
7/27/2010,1240
7/28/2010,1253
7/29/2010,1230
7/30/2010,1220
8/2/2010,1235
8/3/2010,1235
8/4/2010,1246
8/5/2010,1255
8/6/2010,1256
8/9/2010,1268
8/10/2010,1275
8/11/2010,1284
8/12/2010,1293
8/13/2010,1302
8/16/2010,1291
8/17/2010,1267
8/18/2010,1265
8/19/2010,1253
8/20/2010,1240
8/23/2010,1244
8/24/2010,1247
8/25/2010,1252
8/26/2010,1253
8/27/2010,1242
8/30/2010,1264
8/31/2010,1308
9/1/2010,1314
9/2/2010,1341
9/3/2010,1354
9/6/2010,1354
9/7/2010,1347
9/8/2010,1347
9/9/2010,1350
9/10/2010,1330
9/13/2010,1324
9/14/2010,1336
9/15/2010,1341
9/16/2010,1347
9/17/2010,1358
9/20/2010,1338
9/21/2010,1324
9/22/2010,1332
9/23/2010,1318
9/24/2010,1318
9/27/2010,1335
9/28/2010,1333
9/29/2010,1345
9/30/2010,1371
10/1/2010,1367
10/4/2010,1368
10/5/2010,1408
10/6/2010,1435
10/7/2010,1413
10/8/2010,1451
10/11/2010,1422
10/12/2010,1442
10/13/2010,1475
10/14/2010,1476
10/15/2010,1463
10/18/2010,1449
10/19/2010,1423
10/20/2010,1408
10/21/2010,1397
10/22/2010,1389
10/25/2010,1400
10/26/2010,1395
10/27/2010,1398
10/28/2010,1408
10/29/2010,1417
11/1/2010,1424
11/2/2010,1433
11/3/2010,1467
11/4/2010,1522
11/5/2010,1495
11/8/2010,1493
11/9/2010,1486
11/10/2010,1477
11/11/2010,1477
11/12/2010,1470
11/15/2010,1455
11/16/2010,1400
11/17/2010,1400
11/18/2010,1351
11/19/2010,1343
11/22/2010,1335
11/23/2010,1331
11/24/2010,1328
11/25/2010,1328
11/26/2010,1333
11/29/2010,1338
11/30/2010,1342
12/1/2010,1358
12/2/2010,1373
12/3/2010,1386
12/6/2010,1369
12/7/2010,1367
12/8/2010,1357
12/9/2010,1350
12/10/2010,1360
12/13/2010,1385
12/14/2010,1381
12/15/2010,1391
12/16/2010,1370
12/17/2010,1350
12/20/2010,1360
12/21/2010,1370
12/22/2010,1385
12/23/2010,1391
12/24/2010,1391
12/27/2010,1396
12/28/2010,1402
12/29/2010,1407
12/30/2010,1424
12/31/2010,1430
1/3/2011,1456
1/4/2011,1471
1/5/2011,1481
1/6/2011,1501
1/7/2011,1474
1/10/2011,1478
1/11/2011,1502
1/12/2011,1517
1/13/2011,1519
1/14/2011,1495
1/17/2011,1495
1/18/2011,1492
1/19/2011,1483
1/20/2011,1495
1/21/2011,1476
1/24/2011,1503
1/25/2011,1500
1/26/2011,1508
1/27/2011,1517
1/28/2011,1512
1/31/2011,1514
2/1/2011,1532
2/2/2011,1542
2/3/2011,1560
2/4/2011,1562
2/7/2011,1545
2/8/2011,1537
2/9/2011,1545
2/10/2011,1550
2/11/2011,1563
2/14/2011,1568
2/15/2011,1560
2/16/2011,1544
2/17/2011,1531
2/18/2011,1511
2/21/2011,1511
2/22/2011,1507
2/23/2011,1525
2/24/2011,1525
2/25/2011,1524
2/28/2011,1543
3/1/2011,1570
3/2/2011,1574
3/3/2011,1561
3/4/2011,1568
3/7/2011,1578
3/8/2011,1573
3/9/2011,1585
3/10/2011,1596
3/11/2011,1606
3/14/2011,1594
3/15/2011,1581
3/16/2011,1565
3/17/2011,1540
3/18/2011,1529
3/21/2011,1514
3/22/2011,1504
3/23/2011,1507
3/24/2011,1518
3/25/2011,1517
3/28/2011,1516
3/29/2011,1516
3/30/2011,1526
3/31/2011,1538
4/1/2011,1548
4/4/2011,1560
4/5/2011,1567
4/6/2011,1569
4/7/2011,1568
4/8/2011,1574
4/11/2011,1567
4/12/2011,1585
4/13/2011,1589
4/14/2011,1559
4/15/2011,1553
4/18/2011,1545
4/19/2011,1540
4/20/2011,1547
4/21/2011,1548
4/22/2011,1548
4/25/2011,1548
4/26/2011,1554
4/27/2011,1581
4/28/2011,1602
4/29/2011,1608
5/2/2011,1625
5/3/2011,1624
5/4/2011,1630
5/5/2011,1654
5/6/2011,1645
5/9/2011,1662
5/10/2011,1654
5/11/2011,1664
5/12/2011,1663
5/13/2011,1651
5/16/2011,1630
5/17/2011,1583
5/18/2011,1561
5/19/2011,1546
5/20/2011,1530
5/23/2011,1534
5/24/2011,1522
5/25/2011,1515
5/26/2011,1511
5/27/2011,1506
5/30/2011,1506
5/31/2011,1508
6/1/2011,1512
6/2/2011,1515
6/3/2011,1512
6/6/2011,1505
6/7/2011,1516
6/8/2011,1535
6/9/2011,1530
6/10/2011,1547
6/13/2011,1588
6/14/2011,1585
6/15/2011,1571
6/16/2011,1549
6/17/2011,1538
6/20/2011,1533
6/21/2011,1529
6/22/2011,1513
6/23/2011,1511
6/24/2011,1527
6/27/2011,1503
6/28/2011,1524
6/29/2011,1519
6/30/2011,1523
7/1/2011,1522
7/4/2011,1522
7/5/2011,1522
7/6/2011,1523
7/7/2011,1536
7/8/2011,1529
7/11/2011,1535
7/12/2011,1538
7/13/2011,1553
7/14/2011,1542
7/15/2011,1517
7/18/2011,1515
7/19/2011,1494
7/20/2011,1477
7/21/2011,1491
7/22/2011,1501
7/25/2011,1498
7/26/2011,1507
7/27/2011,1510
7/28/2011,1511
7/29/2011,1522
8/1/2011,1536
8/2/2011,1529
8/3/2011,1536
8/4/2011,1546
8/5/2011,1546
8/8/2011,1553
8/9/2011,1564
8/10/2011,1580
8/11/2011,1580
8/12/2011,1575
8/15/2011,1563
8/16/2011,1553
8/17/2011,1520
8/18/2011,1496
8/19/2011,1473
8/22/2011,1465
8/23/2011,1465
8/24/2011,1464
8/25/2011,1473
8/26/2011,1482
8/29/2011,1484
8/30/2011,1495
8/31/2011,1524
9/1/2011,1528
9/2/2011,1524
9/5/2011,1524
9/6/2011,1524
9/7/2011,1520
9/8/2011,1502
9/9/2011,1492
9/12/2011,1489
9/13/2011,1462
9/14/2011,1449
9/15/2011,1419
9/16/2011,1401
9/19/2011,1381
9/20/2011,1365
9/21/2011,1365
9/22/2011,1382
9/23/2011,1369
9/26/2011,1378
9/27/2011,1381
9/28/2011,1383
9/29/2011,1386
9/30/2011,1413
10/3/2011,1415
10/4/2011,1432
10/5/2011,1430
10/6/2011,1439
10/7/2011,1426
10/10/2011,1420
10/11/2011,1425
10/12/2011,1422
10/13/2011,1430
10/14/2011,1438
10/17/2011,1432
10/18/2011,1432
10/19/2011,1407
10/20/2011,1399
10/21/2011,1386
10/24/2011,1384
10/25/2011,1389
10/26/2011,1378
10/27/2011,1360
10/28/2011,1352
10/31/2011,1344
11/1/2011,1345
11/2/2011,1339
11/3/2011,1350
11/4/2011,1348
11/7/2011,1340
11/8/2011,1366
11/9/2011,1382
11/10/2011,1389
11/11/2011,1408
11/14/2011,1384
11/15/2011,1357
11/16/2011,1352
11/17/2011,1308
11/18/2011,1264
11/21/2011,1277
11/22/2011,1296
11/23/2011,1289
11/24/2011,1289
11/25/2011,1293
11/28/2011,1295
11/29/2011,1303
11/30/2011,1303
12/1/2011,1311
12/2/2011,1316
12/5/2011,1327
12/6/2011,1333
12/7/2011,1321
12/8/2011,1327
12/9/2011,1325
12/12/2011,1326
12/13/2011,1346
12/14/2011,1348
12/15/2011,1334
12/16/2011,1317
12/19/2011,1298
12/20/2011,1299
12/21/2011,1301
12/22/2011,1308
12/23/2011,1312
12/26/2011,1312
12/27/2011,1326
12/28/2011,1328
12/29/2011,1324
12/30/2011,1328
1/2/2012,1328
1/3/2012,1373
1/4/2012,1387
1/5/2012,1400
1/6/2012,1403
1/9/2012,1394
1/10/2012,1389
1/11/2012,1383
1/12/2012,1380
1/13/2012,1394
1/16/2012,1394
1/17/2012,1381
1/18/2012,1369
1/19/2012,1352
1/20/2012,1336
1/23/2012,1339
1/24/2012,1342
1/25/2012,1354
1/26/2012,1366
1/27/2012,1375
1/30/2012,1377
1/31/2012,1400
2/1/2012,1418
2/2/2012,1437
2/3/2012,1458
2/6/2012,1472
2/7/2012,1485
2/8/2012,1474
2/9/2012,1482
2/10/2012,1489
2/13/2012,1498
2/14/2012,1486
2/15/2012,1477
2/16/2012,1481
2/17/2012,1443
2/20/2012,1443
2/21/2012,1442
2/22/2012,1457
2/23/2012,1463
2/24/2012,1488
2/27/2012,1500
2/28/2012,1518
2/29/2012,1543
3/1/2012,1564
3/2/2012,1559
3/5/2012,1561
3/6/2012,1585
3/7/2012,1585
3/8/2012,1572
3/9/2012,1586
3/12/2012,1584
3/13/2012,1579
3/14/2012,1570
3/15/2012,1559
3/16/2012,1574
3/19/2012,1564
3/20/2012,1558
3/21/2012,1561
3/22/2012,1553
3/23/2012,1552
3/26/2012,1550
3/27/2012,1562
3/28/2012,1559
3/29/2012,1560
3/30/2012,1551
4/2/2012,1563
4/3/2012,1569
4/4/2012,1569
4/5/2012,1556
4/6/2012,1556
4/9/2012,1558
4/10/2012,1563
4/11/2012,1566
4/12/2012,1580
4/13/2012,1585
4/16/2012,1593
4/17/2012,1571
4/18/2012,1557
4/19/2012,1534
4/20/2012,1529
4/23/2012,1538
4/24/2012,1539
4/25/2012,1559
4/26/2012,1564
4/27/2012,1566
4/30/2012,1579
5/1/2012,1602
5/2/2012,1600
5/3/2012,1609
5/4/2012,1614
5/7/2012,1601
5/8/2012,1591
5/9/2012,1574
5/10/2012,1557
5/11/2012,1551
5/14/2012,1535
5/15/2012,1539
5/16/2012,1537
5/17/2012,1511
5/18/2012,1485
5/21/2012,1460
5/22/2012,1443
5/23/2012,1446
5/24/2012,1441
5/25/2012,1440
5/28/2012,1440
5/29/2012,1440
5/30/2012,1440
5/31/2012,1438
6/1/2012,1444
6/4/2012,1446
6/5/2012,1457
6/6/2012,1461
6/7/2012,1461
6/8/2012,1455
6/11/2012,1454
6/12/2012,1458
6/13/2012,1475
6/14/2012,1483
6/15/2012,1471
6/18/2012,1463
6/19/2012,1432
6/20/2012,1413
6/21/2012,1427
6/22/2012,1423
6/25/2012,1424
6/26/2012,1432
6/27/2012,1432
6/28/2012,1429
6/29/2012,1439
7/2/2012,1421
7/3/2012,1443
7/4/2012,1443
7/5/2012,1423
7/6/2012,1420
7/9/2012,1421
7/10/2012,1413
7/11/2012,1421
7/12/2012,1432
7/13/2012,1445
7/16/2012,1440
7/17/2012,1403
7/18/2012,1396
7/19/2012,1397
7/20/2012,1392
7/23/2012,1355
7/24/2012,1389
7/25/2012,1389
7/26/2012,1395
7/27/2012,1396
7/30/2012,1398
7/31/2012,1396
8/1/2012,1402
8/2/2012,1417
8/3/2012,1430
8/6/2012,1432
8/7/2012,1450
8/8/2012,1450
8/9/2012,1458
8/10/2012,1472
8/13/2012,1459
8/14/2012,1470
8/15/2012,1496
8/16/2012,1485
8/17/2012,1488
8/20/2012,1470
8/21/2012,1470
8/22/2012,1485
8/23/2012,1494
8/24/2012,1502
8/27/2012,1498
8/28/2012,1511
8/29/2012,1513
8/30/2012,1508
8/31/2012,1531
9/3/2012,1531
9/4/2012,1532
9/5/2012,1535
9/6/2012,1563
9/7/2012,1573
9/10/2012,1565
9/11/2012,1586
9/12/2012,1593
9/13/2012,1615
9/14/2012,1641
9/17/2012,1613
9/18/2012,1608
9/19/2012,1594
9/20/2012,1573
9/21/2012,1565
9/24/2012,1562
9/25/2012,1556
9/26/2012,1558
9/27/2012,1555
9/28/2012,1548
10/1/2012,1551
10/2/2012,1557
10/3/2012,1572
10/4/2012,1557
10/5/2012,1570
10/8/2012,1557
10/9/2012,1543
10/10/2012,1560
10/11/2012,1572
10/12/2012,1568
10/15/2012,1576
10/16/2012,1581
10/17/2012,1577
10/18/2012,1586
10/19/2012,1578
10/22/2012,1580
10/23/2012,1579
10/24/2012,1580
10/25/2012,1585
10/26/2012,1588
10/29/2012,1591
10/30/2012,1598
10/31/2012,1606
11/1/2012,1598
11/2/2012,1609
11/5/2012,1609
11/6/2012,1615
11/7/2012,1599
11/8/2012,1608
11/9/2012,1602
11/12/2012,1596
11/13/2012,1540
11/14/2012,1535
11/15/2012,1506
11/16/2012,1484
11/19/2012,1471
11/20/2012,1499
11/21/2012,1503
11/22/2012,1503
11/23/2012,1506
11/26/2012,1513
11/27/2012,1522
11/28/2012,1534
11/29/2012,1526
11/30/2012,1552
12/3/2012,1550
12/4/2012,1549
12/5/2012,1558
12/6/2012,1556
12/7/2012,1547
12/10/2012,1547
12/11/2012,1543
12/12/2012,1554
12/13/2012,1552
12/14/2012,1519
12/17/2012,1512
12/18/2012,1494
12/19/2012,1483
12/20/2012,1479
12/21/2012,1478
12/24/2012,1477
12/25/2012,1477
12/26/2012,1483
12/27/2012,1476
12/28/2012,1468
12/31/2012,1473
1/1/2013,1473
1/2/2013,1476
1/3/2013,1482
1/4/2013,1476
1/7/2013,1475
1/8/2013,1478
1/9/2013,1479
1/10/2013,1484
1/11/2013,1500
1/14/2013,1504
1/15/2013,1495
1/16/2013,1483
1/17/2013,1513
1/18/2013,1495
1/21/2013,1495
1/22/2013,1492
1/23/2013,1507
1/24/2013,1512
1/25/2013,1525
1/28/2013,1526
1/29/2013,1554
1/30/2013,1568
1/31/2013,1572
2/1/2013,1582
2/4/2013,1580
2/5/2013,1595
2/6/2013,1603
2/7/2013,1616
2/8/2013,1617
2/11/2013,1631
2/12/2013,1653
2/13/2013,1665
2/14/2013,1665
2/15/2013,1664
2/18/2013,1664
2/19/2013,1650
2/20/2013,1644
2/21/2013,1648
2/22/2013,1653
2/25/2013,1655
2/26/2013,1654
2/27/2013,1660
2/28/2013,1660
3/1/2013,1672
3/4/2013,1675
3/5/2013,1711
3/6/2013,1711
3/7/2013,1720
3/8/2013,1716
3/11/2013,1726
3/12/2013,1720
3/13/2013,1711
3/14/2013,1706
3/15/2013,1681
3/18/2013,1677
3/19/2013,1647
3/20/2013,1638
3/21/2013,1650
3/22/2013,1653
3/25/2013,1675
3/26/2013,1694
3/27/2013,1708
3/28/2013,1717
3/29/2013,1717
4/1/2013,1725
4/2/2013,1732
4/3/2013,1726
4/4/2013,1760
4/5/2013,1760
4/8/2013,1758
4/9/2013,1768
4/10/2013,1767
4/11/2013,1773
4/12/2013,1782
4/15/2013,1779
4/16/2013,1764
4/17/2013,1756
4/18/2013,1764
4/19/2013,1747
4/22/2013,1729
4/23/2013,1719
4/24/2013,1732
4/25/2013,1738
4/26/2013,1743
4/29/2013,1745
4/30/2013,1771
5/1/2013,1755
5/2/2013,1760
5/3/2013,1770
5/6/2013,1780
5/7/2013,1770
5/8/2013,1758
5/9/2013,1760
5/10/2013,1770
5/13/2013,1763
5/14/2013,1759
5/15/2013,1763
5/16/2013,1753
5/17/2013,1749
5/20/2013,1744
5/21/2013,1742
5/22/2013,1747
5/23/2013,1741
5/24/2013,1742
5/27/2013,1742
5/28/2013,1745
5/29/2013,1740
5/30/2013,1730
5/31/2013,1743
6/3/2013,1734
6/4/2013,1741
6/5/2013,1752
6/6/2013,1775
6/7/2013,1799
6/10/2013,1811
6/11/2013,1816
6/12/2013,1823
6/13/2013,1833
6/14/2013,1861
6/17/2013,1860
6/18/2013,1869
6/19/2013,1846
6/20/2013,1842
6/21/2013,1825
6/24/2013,1836
6/25/2013,1809
6/26/2013,1805
6/27/2013,1818
6/28/2013,1818
7/1/2013,1794
7/2/2013,1770
7/3/2013,1765
7/4/2013,1765
7/5/2013,1773
7/8/2013,1794
7/9/2013,1818
7/10/2013,1826
7/11/2013,1843
7/12/2013,1874
7/15/2013,1884
7/16/2013,1881
7/17/2013,1860
7/18/2013,1864
7/19/2013,1853
7/22/2013,1842
7/23/2013,1866
7/24/2013,1862
7/25/2013,1853
7/26/2013,1837
7/29/2013,1838
7/30/2013,1838
7/31/2013,1853
8/1/2013,1861
8/2/2013,1856
8/5/2013,1872
8/6/2013,1879
8/7/2013,1892
8/8/2013,1901
8/9/2013,1927
8/12/2013,1929
8/13/2013,1934
8/14/2013,1932
8/15/2013,1902
8/16/2013,1886
8/19/2013,1864
8/20/2013,1835
8/21/2013,1823
8/22/2013,1820
8/23/2013,1828
8/26/2013,1831
8/27/2013,1855
8/28/2013,1855
8/29/2013,1856
8/30/2013,1846
9/2/2013,1846
9/3/2013,1857
9/4/2013,1859
9/5/2013,1870
9/6/2013,1900
9/9/2013,1901
9/10/2013,1902
9/11/2013,1917
9/12/2013,1931
9/13/2013,1933
9/16/2013,1925
9/17/2013,1926
9/18/2013,1935
9/19/2013,1926
9/20/2013,1903
9/23/2013,1882
9/24/2013,1881
9/25/2013,1878
9/26/2013,1875
9/27/2013,1865
9/30/2013,1858
10/1/2013,1857
10/2/2013,1879
10/3/2013,1885
10/4/2013,1891
10/7/2013,1877
10/8/2013,1872
10/9/2013,1863
10/10/2013,1851
10/11/2013,1846
10/14/2013,1839
10/15/2013,1825
10/16/2013,1824
10/17/2013,1809
10/18/2013,1810
10/21/2013,1792
10/22/2013,1785
10/23/2013,1775
10/24/2013,1782
10/25/2013,1777
10/28/2013,1776
10/29/2013,1774
10/30/2013,1759
10/31/2013,1757
11/1/2013,1755
11/4/2013,1743
11/5/2013,1737
11/6/2013,1729
11/7/2013,1734
11/8/2013,1728
11/11/2013,1731
11/12/2013,1736
11/13/2013,1709
11/14/2013,1705
11/15/2013,1660
11/18/2013,1645
11/19/2013,1621
11/20/2013,1611
11/21/2013,1628
11/22/2013,1625
11/25/2013,1641
11/26/2013,1636
11/27/2013,1635
11/28/2013,1635
11/29/2013,1633
12/2/2013,1630
12/3/2013,1646
12/4/2013,1655
12/5/2013,1663
12/6/2013,1658
12/9/2013,1652
12/10/2013,1661
12/11/2013,1647
12/12/2013,1661
12/13/2013,1654
12/16/2013,1645
12/17/2013,1630
12/18/2013,1605
12/19/2013,1599
12/20/2013,1599
12/23/2013,1594
12/24/2013,1599
12/25/2013,1599
12/26/2013,1606
12/27/2013,1615
12/30/2013,1616
12/31/2013,1616
1/1/2014,1616
1/2/2014,1628
1/3/2014,1630
1/6/2014,1626
1/7/2014,1620
1/8/2014,1615
1/9/2014,1604
1/10/2014,1623
1/13/2014,1625
1/14/2014,1623
1/15/2014,1618
1/16/2014,1625
1/17/2014,1611
1/20/2014,1611
1/21/2014,1613
1/22/2014,1597
1/23/2014,1591
1/24/2014,1591
1/27/2014,1590
1/28/2014,1592
1/29/2014,1581
1/30/2014,1581
1/31/2014,1572
2/3/2014,1561
2/4/2014,1561
2/5/2014,1571
2/6/2014,1598
2/7/2014,1617
2/10/2014,1635
2/11/2014,1646
2/12/2014,1648
2/13/2014,1650
2/14/2014,1647
2/17/2014,1647
2/18/2014,1650
2/19/2014,1631
2/20/2014,1626
2/21/2014,1627
2/24/2014,1643
2/25/2014,1644
2/26/2014,1653
2/27/2014,1665
2/28/2014,1671
3/3/2014,1688
3/4/2014,1688
3/5/2014,1700
3/6/2014,1705
3/7/2014,1698
3/10/2014,1693
3/11/2014,1697
3/12/2014,1680
3/13/2014,1675
3/14/2014,1670
3/17/2014,1645
3/18/2014,1623
3/19/2014,1622
3/20/2014,1608
3/21/2014,1602
3/24/2014,1603
3/25/2014,1605
3/26/2014,1615
3/27/2014,1626
3/28/2014,1636
3/31/2014,1642
4/1/2014,1645
4/2/2014,1650
4/3/2014,1655
4/4/2014,1662
4/7/2014,1652
4/8/2014,1655
4/9/2014,1672
4/10/2014,1689
4/11/2014,1686
4/14/2014,1672
4/15/2014,1674
4/16/2014,1659
4/17/2014,1665
4/18/2014,1665
4/21/2014,1651
4/22/2014,1620
4/23/2014,1624
4/24/2014,1640
4/25/2014,1636
4/28/2014,1644
4/29/2014,1652
4/30/2014,1647
5/1/2014,1641
5/2/2014,1644
5/5/2014,1646
5/6/2014,1638
5/7/2014,1635
5/8/2014,1638
5/9/2014,1637
5/12/2014,1626
5/13/2014,1627
5/14/2014,1635
5/15/2014,1616
5/16/2014,1622
5/19/2014,1614
5/20/2014,1608
5/21/2014,1628
5/22/2014,1643
5/23/2014,1634
5/26/2014,1634
5/27/2014,1636
5/28/2014,1633
5/29/2014,1648
5/30/2014,1652
6/2/2014,1654
6/3/2014,1664
6/4/2014,1665
6/5/2014,1665
6/6/2014,1672
6/9/2014,1677
6/10/2014,1676
6/11/2014,1690
6/12/2014,1714
6/13/2014,1716
6/16/2014,1723
6/17/2014,1722
6/18/2014,1719
6/19/2014,1710
6/20/2014,1710
6/23/2014,1707
6/24/2014,1721
6/25/2014,1737
6/26/2014,1747
6/27/2014,1744
6/30/2014,1753
7/1/2014,1760
7/2/2014,1756
7/3/2014,1750
7/4/2014,1750
7/7/2014,1752
7/8/2014,1742
7/9/2014,1731
7/10/2014,1728
7/11/2014,1722
7/14/2014,1724
7/15/2014,1722
7/16/2014,1709
7/17/2014,1684
7/18/2014,1680
7/21/2014,1665
7/22/2014,1643
7/23/2014,1627
7/24/2014,1619
7/25/2014,1617
7/28/2014,1615
7/29/2014,1629
7/30/2014,1638
7/31/2014,1618
8/1/2014,1610
8/4/2014,1593
8/5/2014,1587
8/6/2014,1580
8/7/2014,1586
8/8/2014,1579
8/11/2014,1575
8/12/2014,1584
8/13/2014,1608
8/14/2014,1621
8/15/2014,1584
8/18/2014,1576
8/19/2014,1542
8/20/2014,1543
8/21/2014,1543
8/22/2014,1548
8/25/2014,1554
8/26/2014,1550
8/27/2014,1553
8/28/2014,1554
8/29/2014,1556
9/1/2014,1556
9/2/2014,1559
9/3/2014,1553
9/4/2014,1540
9/5/2014,1540
9/8/2014,1554
9/9/2014,1554
9/10/2014,1563
9/11/2014,1554
9/12/2014,1555
9/15/2014,1548
9/16/2014,1529
9/17/2014,1508
9/18/2014,1499
9/19/2014,1479
9/22/2014,1479
9/23/2014,1480
9/24/2014,1479
9/25/2014,1472
9/26/2014,1475
9/29/2014,1479
9/30/2014,1486
10/1/2014,1502
10/2/2014,1503
10/3/2014,1500
10/6/2014,1503
10/7/2014,1504
10/8/2014,1510
10/9/2014,1522
10/10/2014,1515
10/13/2014,1516
10/14/2014,1537
10/15/2014,1546
10/16/2014,1516
10/17/2014,1506
10/20/2014,1484
10/21/2014,1460
10/22/2014,1454
10/23/2014,1454
10/24/2014,1465
10/27/2014,1475
10/28/2014,1476
10/29/2014,1482
10/30/2014,1482
10/31/2014,1488
11/3/2014,1491
11/4/2014,1499
11/5/2014,1507
11/6/2014,1507
11/7/2014,1501
11/10/2014,1503
11/11/2014,1509
11/12/2014,1519
11/13/2014,1534
11/14/2014,1521
11/17/2014,1465
11/18/2014,1459
11/19/2014,1418
11/20/2014,1396
11/21/2014,1389
11/24/2014,1380
11/25/2014,1387
11/26/2014,1398
11/27/2014,1398
11/28/2014,1432
12/1/2014,1434
12/2/2014,1440
12/3/2014,1450
12/4/2014,1444
12/5/2014,1433
12/8/2014,1441
12/9/2014,1445
12/10/2014,1452
12/11/2014,1473
12/12/2014,1484
12/15/2014,1499
12/16/2014,1476
12/17/2014,1460
12/18/2014,1445
12/19/2014,1433
12/22/2014,1430
12/23/2014,1429
12/24/2014,1430
12/25/2014,1430
12/26/2014,1431
12/29/2014,1444
12/30/2014,1458
12/31/2014,1468
1/1/2015,1468
1/2/2015,1475
1/5/2015,1486
1/6/2015,1505
1/7/2015,1507
1/8/2015,1524
1/9/2015,1544
1/12/2015,1582
1/13/2015,1628
1/14/2015,1618
1/15/2015,1602
1/16/2015,1586
1/19/2015,1586
1/20/2015,1591
1/21/2015,1628
1/22/2015,1639
1/23/2015,1643
1/26/2015,1663
1/27/2015,1668
1/28/2015,1683
1/29/2015,1701
1/30/2015,1712
2/2/2015,1708
2/3/2015,1721
2/4/2015,1746
2/5/2015,1763
2/6/2015,1741
2/9/2015,1718
2/10/2015,1718
2/11/2015,1744
2/12/2015,1740
2/13/2015,1729
2/16/2015,1729
2/17/2015,1690
2/18/2015,1681
2/19/2015,1673
2/20/2015,1675
2/23/2015,1687
2/24/2015,1695
2/25/2015,1714
2/26/2015,1707
2/27/2015,1710
3/2/2015,1694
3/3/2015,1688
3/4/2015,1695
3/5/2015,1690
3/6/2015,1675
3/9/2015,1674
3/10/2015,1671
3/11/2015,1678
3/12/2015,1705
3/13/2015,1751
3/16/2015,1776
3/17/2015,1761
3/18/2015,1775
3/19/2015,1762
3/20/2015,1745
3/23/2015,1752
3/24/2015,1748
3/25/2015,1754
3/26/2015,1749
3/27/2015,1735
3/30/2015,1735
3/31/2015,1740
4/1/2015,1743
4/2/2015,1723
4/3/2015,1723
4/6/2015,1740
4/7/2015,1744
4/8/2015,1709
4/9/2015,1711
4/10/2015,1725
4/13/2015,1739
4/14/2015,1775
4/15/2015,1782
4/16/2015,1765
4/17/2015,1757
4/20/2015,1731
4/21/2015,1723
4/22/2015,1707
4/23/2015,1730
4/24/2015,1721
4/27/2015,1710
4/28/2015,1717
4/29/2015,1737
4/30/2015,1740
5/1/2015,1724
5/4/2015,1738
5/5/2015,1750
5/6/2015,1776
5/7/2015,1756
5/8/2015,1743
5/11/2015,1729
5/12/2015,1732
5/13/2015,1729
5/14/2015,1679
5/15/2015,1669
5/18/2015,1622
5/19/2015,1621
5/20/2015,1628
5/21/2015,1636
5/22/2015,1624
5/25/2015,1624
5/26/2015,1614
5/27/2015,1621
5/28/2015,1634
5/29/2015,1649
6/1/2015,1630
6/2/2015,1651
6/3/2015,1642
6/4/2015,1659
6/5/2015,1651
6/8/2015,1647
6/9/2015,1642
6/10/2015,1655
6/11/2015,1666
6/12/2015,1666
6/15/2015,1654
6/16/2015,1652
6/17/2015,1635
6/18/2015,1623
6/19/2015,1617
6/22/2015,1612
6/23/2015,1650
6/24/2015,1650
6/25/2015,1657
6/26/2015,1664
6/29/2015,1667
6/30/2015,1670
7/1/2015,1683
7/2/2015,1683
7/3/2015,1683
7/6/2015,1689
7/7/2015,1692
7/8/2015,1701
7/9/2015,1711
7/10/2015,1706
7/13/2015,1700
7/14/2015,1734
7/15/2015,1731
7/16/2015,1691
7/17/2015,1686
7/20/2015,1668
7/21/2015,1669
7/22/2015,1674
7/23/2015,1675
7/24/2015,1662
7/27/2015,1678
7/28/2015,1694
7/29/2015,1707
7/30/2015,1712
7/31/2015,1724
8/3/2015,1734
8/4/2015,1737
8/5/2015,1762
8/6/2015,1779
8/7/2015,1735
8/10/2015,1682
8/11/2015,1676
8/12/2015,1697
8/13/2015,1722
8/14/2015,1735
8/17/2015,1702
8/18/2015,1689
8/19/2015,1673
8/20/2015,1674
8/21/2015,1673
8/24/2015,1675
8/25/2015,1677
8/26/2015,1656
8/27/2015,1677
8/28/2015,1683
8/31/2015,1720
9/1/2015,1689
9/2/2015,1699
9/3/2015,1717
9/4/2015,1709
9/7/2015,1709
9/8/2015,1704
9/9/2015,1700
9/10/2015,1700
9/11/2015,1710
9/14/2015,1703
9/15/2015,1703
9/16/2015,1705
9/17/2015,1647
9/18/2015,1629
9/21/2015,1618
9/22/2015,1606
9/23/2015,1591
9/24/2015,1600
9/25/2015,1615
9/28/2015,1611
9/29/2015,1618
9/30/2015,1619
10/1/2015,1623
10/2/2015,1647
10/5/2015,1654
10/6/2015,1676
10/7/2015,1651
10/8/2015,1660
10/9/2015,1657
10/12/2015,1639
10/13/2015,1646
10/14/2015,1651
10/15/2015,1629
10/16/2015,1631
10/19/2015,1621
10/20/2015,1614
10/21/2015,1637
10/22/2015,1652
10/23/2015,1670
10/26/2015,1675
10/27/2015,1676
10/28/2015,1687
10/29/2015,1670
10/30/2015,1685
11/2/2015,1673
11/3/2015,1677
11/4/2015,1673
11/5/2015,1666
11/6/2015,1667
11/9/2015,1659
11/10/2015,1672
11/11/2015,1697
11/12/2015,1721
11/13/2015,1726
11/16/2015,1717
11/17/2015,1663
11/18/2015,1664
11/19/2015,1619
11/20/2015,1629
11/23/2015,1627
11/24/2015,1632
11/25/2015,1643
11/26/2015,1643
11/27/2015,1646
11/30/2015,1652
12/1/2015,1661
12/2/2015,1694
12/3/2015,1692
12/4/2015,1717
12/7/2015,1724
12/8/2015,1714
12/9/2015,1699
12/10/2015,1701
12/11/2015,1708
12/14/2015,1708
12/15/2015,1679
12/16/2015,1661
12/17/2015,1651
12/18/2015,1642
12/21/2015,1639
12/22/2015,1646
12/23/2015,1644
12/24/2015,1648
12/25/2015,1648
12/28/2015,1644
12/29/2015,1649
12/30/2015,1650
12/31/2015,1671
1/1/2016,1671
1/4/2016,1687
1/5/2016,1703
1/6/2016,1754
1/7/2016,1749
1/8/2016,1744
1/11/2016,1748
1/12/2016,1756
1/13/2016,1728
1/14/2016,1701
1/15/2016,1704
1/18/2016,1704
1/19/2016,1686
1/20/2016,1699
1/21/2016,1729
1/22/2016,1743
1/25/2016,1750
1/26/2016,1762
1/27/2016,1796
1/28/2016,1814
1/29/2016,1835
2/1/2016,1853
2/2/2016,1856
2/3/2016,1876
2/4/2016,1877
2/5/2016,1869
2/8/2016,1833
2/9/2016,1854
2/10/2016,1883
2/11/2016,1876
2/12/2016,1881
2/15/2016,1881
2/16/2016,1840
2/17/2016,1783
2/18/2016,1765
2/19/2016,1753
2/22/2016,1769
2/23/2016,1777
2/24/2016,1769
2/25/2016,1778
2/26/2016,1752
2/29/2016,1765
3/1/2016,1800
3/2/2016,1815
3/3/2016,1814
3/4/2016,1840
3/7/2016,1847
3/8/2016,1816
3/9/2016,1815
3/10/2016,1798
3/11/2016,1824
3/14/2016,1809
3/15/2016,1783
3/16/2016,1773
3/17/2016,1782
3/18/2016,1733
3/21/2016,1704
3/22/2016,1706
3/23/2016,1712
3/24/2016,1710
3/25/2016,1710
3/28/2016,1713
3/29/2016,1735
3/30/2016,1748
3/31/2016,1771
4/1/2016,1773
4/4/2016,1769
4/5/2016,1774
4/6/2016,1798
4/7/2016,1773
4/8/2016,1773
4/11/2016,1775
4/12/2016,1804
4/13/2016,1815
4/14/2016,1785
4/15/2016,1750
4/18/2016,1734
4/19/2016,1714
4/20/2016,1726
4/21/2016,1708
4/22/2016,1697
4/25/2016,1703
4/26/2016,1715
4/27/2016,1727
4/28/2016,1727
4/29/2016,1742
5/2/2016,1756
5/3/2016,1749
5/4/2016,1750
5/5/2016,1764
5/6/2016,1758
5/9/2016,1738
5/10/2016,1725
5/11/2016,1718
5/12/2016,1747
5/13/2016,1749
5/16/2016,1745
5/17/2016,1699
5/18/2016,1681
5/19/2016,1632
5/20/2016,1626
5/23/2016,1628
5/24/2016,1657
5/25/2016,1665
5/26/2016,1687
5/27/2016,1697
5/30/2016,1697
5/31/2016,1710
6/1/2016,1707
6/2/2016,1715
6/3/2016,1726
6/6/2016,1749
6/7/2016,1748
6/8/2016,1749
6/9/2016,1750
6/10/2016,1758
6/13/2016,1796
6/14/2016,1774
6/15/2016,1771
6/16/2016,1752
6/17/2016,1751
6/20/2016,1739
6/21/2016,1726
6/22/2016,1708
6/23/2016,1706
6/24/2016,1684
6/27/2016,1705
6/28/2016,1721
6/29/2016,1749
6/30/2016,1739
7/1/2016,1748
7/4/2016,1748
7/5/2016,1752
7/6/2016,1752
7/7/2016,1765
7/8/2016,1759
7/11/2016,1762
7/12/2016,1729
7/13/2016,1728
7/14/2016,1739
7/15/2016,1708
7/18/2016,1698
7/19/2016,1685
7/20/2016,1678
7/21/2016,1691
7/22/2016,1690
7/25/2016,1698
7/26/2016,1718
7/27/2016,1741
7/28/2016,1751
7/29/2016,1764
8/1/2016,1785
8/2/2016,1793
8/3/2016,1818
8/4/2016,1832
8/5/2016,1840
8/8/2016,1822
8/9/2016,1830
8/10/2016,1845
8/11/2016,1900
8/12/2016,1888
8/15/2016,1888
8/16/2016,1852
8/17/2016,1809
8/18/2016,1814
8/19/2016,1766
8/22/2016,1738
8/23/2016,1747
8/24/2016,1754
8/25/2016,1770
8/26/2016,1777
8/29/2016,1774
8/30/2016,1788
8/31/2016,1806
9/1/2016,1824
9/2/2016,1833
9/5/2016,1833
9/6/2016,1862
9/7/2016,1865
9/8/2016,1889
9/9/2016,1844
9/12/2016,1838
9/13/2016,1830
9/14/2016,1856
9/15/2016,1838
9/16/2016,1831
9/19/2016,1816
9/20/2016,1812
9/21/2016,1828
9/22/2016,1813
9/23/2016,1823
9/26/2016,1835
9/27/2016,1831
9/28/2016,1871
9/29/2016,1881
9/30/2016,1884
10/3/2016,1874
10/4/2016,1872
10/5/2016,1910
10/6/2016,1941
10/7/2016,1902
10/10/2016,1918
10/11/2016,1880
10/12/2016,1868
10/13/2016,1878
10/14/2016,1842
10/17/2016,1828
10/18/2016,1811
10/19/2016,1797
10/20/2016,1786
10/21/2016,1799
10/24/2016,1807
10/25/2016,1822
10/26/2016,1822
10/27/2016,1829
10/28/2016,1839
10/31/2016,1866
11/1/2016,1855
11/2/2016,1865
11/3/2016,1897
11/4/2016,1916
11/7/2016,1942
11/8/2016,1974
11/9/2016,1998
11/10/2016,2034
11/11/2016,2070
11/14/2016,2065
11/15/2016,2028
11/16/2016,1973
11/17/2016,1976
11/18/2016,1959
11/21/2016,1974
11/22/2016,1996
11/23/2016,2003
11/24/2016,1993
11/25/2016,2011
11/28/2016,2014
11/29/2016,2020
11/30/2016,2074
12/1/2016,2068
12/2/2016,2081
12/5/2016,2102
12/6/2016,2098
12/7/2016,2072
12/8/2016,2082
12/9/2016,2040
12/12/2016,2067
12/13/2016,2105
12/14/2016,2110
12/15/2016,2072
12/16/2016,2067
12/19/2016,2041
12/20/2016,2030
12/21/2016,2031
12/22/2016,2046
12/23/2016,2028
12/26/2016,2037
12/27/2016,2038
12/28/2016,2037
12/29/2016,2051
12/30/2016,2064
1/2/2017,2069
1/3/2017,2089
1/4/2017,2101
1/5/2017,2105
1/6/2017,2113
1/9/2017,2114
1/10/2017,2115
1/11/2017,2158
1/12/2017,2158
1/13/2017,2187
1/16/2017,2196
1/17/2017,2179
1/18/2017,2154
1/19/2017,2143
1/20/2017,2149
1/23/2017,2157
1/24/2017,2152
1/25/2017,2128
1/26/2017,2144
1/27/2017,2162
1/30/2017,2178
1/31/2017,2183
2/1/2017,2194
2/2/2017,2195
2/3/2017,2195
2/6/2017,2199
2/7/2017,2191
2/8/2017,2158
2/9/2017,2143
2/10/2017,2169
2/13/2017,2196
2/14/2017,2184
2/15/2017,2153
2/16/2017,2117
2/17/2017,2084
2/20/2017,2095
2/21/2017,2103
2/22/2017,2094
2/23/2017,2103
2/24/2017,2105
2/27/2017,2119
2/28/2017,2120
3/1/2017,2098
3/2/2017,2121
3/3/2017,2121
3/6/2017,2136
3/7/2017,2138
3/8/2017,2157
3/9/2017,2166
3/10/2017,2171
3/13/2017,2195
3/14/2017,2240
3/15/2017,2204
3/16/2017,2164
3/17/2017,2160
3/20/2017,2160
3/21/2017,2194
3/22/2017,2200
3/23/2017,2226
3/24/2017,2224
3/27/2017,2224
3/28/2017,2222
3/29/2017,2214
3/30/2017,2225
3/31/2017,2228
4/3/2017,2212
4/4/2017,2213
4/5/2017,2201
4/6/2017,2210
4/7/2017,2189
4/10/2017,2193
4/11/2017,2194
4/12/2017,2193
4/13/2017,2198
4/14/2017,2193
4/17/2017,2159
4/18/2017,2161
4/19/2017,2168
4/20/2017,2189
4/21/2017,2191
4/24/2017,2191
4/25/2017,2188
4/26/2017,2191
4/27/2017,2198
4/28/2017,2189
5/1/2017,2199
5/2/2017,2216
5/3/2017,2234
5/4/2017,2240
5/5/2017,2239
5/8/2017,2252
5/9/2017,2276
5/10/2017,2287
5/11/2017,2309
5/12/2017,2315
5/15/2017,2330
5/16/2017,2337
5/17/2017,2245
5/18/2017,2232
5/19/2017,2210
5/22/2017,2216
5/23/2017,2211
5/24/2017,2189
5/25/2017,2179
5/26/2017,2190
5/29/2017,2200
5/30/2017,2198
5/31/2017,2206
6/1/2017,2197
6/2/2017,2216
6/5/2017,2232
6/6/2017,2229
6/7/2017,2234
6/8/2017,2199
6/9/2017,2195
6/12/2017,2182
6/13/2017,2177
6/14/2017,2202
6/15/2017,2143
6/16/2017,2130
6/19/2017,2109
6/20/2017,2118
6/21/2017,2122
6/22/2017,2130
6/23/2017,2132
6/26/2017,2137
6/27/2017,2143
6/28/2017,2151
6/29/2017,2160
6/30/2017,2174
7/3/2017,2173
7/4/2017,2174
7/5/2017,2150
7/6/2017,2150
7/7/2017,2151
7/10/2017,2152
7/11/2017,2134
7/12/2017,2147
7/13/2017,2158
7/14/2017,2182
7/17/2017,2150
7/18/2017,2140
7/19/2017,2136
7/20/2017,2125
7/21/2017,2130
7/24/2017,2148
7/25/2017,2150
7/26/2017,2184
7/27/2017,2182
7/28/2017,2211
7/31/2017,2228
8/1/2017,2220
8/2/2017,2235
8/3/2017,2247
8/4/2017,2271
8/7/2017,2234
8/8/2017,2216
8/9/2017,2256
8/10/2017,2283
8/11/2017,2320
8/14/2017,2323
8/15/2017,2312
8/16/2017,2306
8/17/2017,2263
8/18/2017,2256
8/21/2017,2240
8/22/2017,2237
8/23/2017,2235
8/24/2017,2237
8/25/2017,2228
8/28/2017,2261
8/29/2017,2247
8/30/2017,2266
8/31/2017,2303
9/1/2017,2326
9/4/2017,2335
9/5/2017,2327
9/6/2017,2326
9/7/2017,2315
9/8/2017,2332
9/11/2017,2343
9/12/2017,2345
9/13/2017,2374
9/14/2017,2403
9/15/2017,2400
9/18/2017,2389
9/19/2017,2377
9/20/2017,2389
9/21/2017,2396
9/22/2017,2403
9/25/2017,2439
9/26/2017,2411
9/27/2017,2426
9/28/2017,2441
9/29/2017,2462
10/2/2017,2464
10/3/2017,2471
10/4/2017,2480
10/5/2017,2473
10/6/2017,2459
10/9/2017,2441
10/10/2017,2437
10/11/2017,2462
10/12/2017,2489
10/13/2017,2480
10/16/2017,2468
10/17/2017,2440
10/18/2017,2439
10/19/2017,2403
10/20/2017,2389
10/23/2017,2365
10/24/2017,2372
10/25/2017,2405
10/26/2017,2423
10/27/2017,2465
10/30/2017,2493
10/31/2017,2510
11/1/2017,2521
11/2/2017,2521
11/3/2017,2545
11/6/2017,2586
11/7/2017,2602
11/8/2017,2607
11/9/2017,2668
11/10/2017,2691
11/13/2017,2661
11/14/2017,2628
11/15/2017,2537
11/16/2017,2524
11/17/2017,2505
11/20/2017,2496
11/21/2017,2512
11/22/2017,2475
11/23/2017,2475
11/24/2017,2487
11/27/2017,2484
11/28/2017,2489
11/29/2017,2508
11/30/2017,2524
12/1/2017,2539
12/4/2017,2525
12/5/2017,2554
12/6/2017,2580
12/7/2017,2575
12/8/2017,2578
12/11/2017,2590
12/12/2017,2572
12/13/2017,2574
12/14/2017,2535
12/15/2017,2536
12/18/2017,2484
12/19/2017,2456
12/20/2017,2455
12/21/2017,2444
12/22/2017,2436
12/25/2017,2441
12/26/2017,2460
12/27/2017,2464
12/28/2017,2460
12/29/2017,2458
1/1/2018,2464
1/2/2018,2480
1/3/2018,2526
1/4/2018,2539
1/5/2018,2539
1/8/2018,2538
1/9/2018,2545
1/10/2018,2569
1/11/2018,2595
1/12/2018,2640
1/15/2018,2641
1/16/2018,2612
1/17/2018,2602
1/18/2018,2600
1/19/2018,2569
1/22/2018,2568
1/23/2018,2593
1/24/2018,2655
1/25/2018,2633
1/26/2018,2648
1/29/2018,2645
1/30/2018,2644
1/31/2018,2649
2/1/2018,2681
2/2/2018,2637
2/5/2018,2587
2/6/2018,2589
2/7/2018,2551
2/8/2018,2544
2/9/2018,2524
2/12/2018,2518
2/13/2018,2531
2/14/2018,2520
2/15/2018,2477
2/16/2018,2421
2/19/2018,2424
2/20/2018,2432
2/21/2018,2426
2/22/2018,2430
2/23/2018,2434
2/26/2018,2454
2/27/2018,2460
2/28/2018,2462
3/1/2018,2469
3/2/2018,2458
3/5/2018,2469
3/6/2018,2451
3/7/2018,2461
3/8/2018,2447
3/9/2018,2433
3/12/2018,2428
3/13/2018,2403
3/14/2018,2402
3/15/2018,2382
3/16/2018,2402
3/19/2018,2376
3/20/2018,2392
3/21/2018,2441
3/22/2018,2437
3/23/2018,2470
3/26/2018,2483
3/27/2018,2514
3/28/2018,2510
3/29/2018,2521
3/30/2018,2522
4/2/2018,2532
4/3/2018,2547
4/4/2018,2543
4/5/2018,2523
4/6/2018,2499
4/9/2018,2469
4/10/2018,2480
4/11/2018,2534
4/12/2018,2566
4/13/2018,2610
4/16/2018,2605
4/17/2018,2597
4/18/2018,2616
4/19/2018,2598
4/20/2018,2566
4/23/2018,2568
4/24/2018,2575
4/25/2018,2598
4/26/2018,2631
4/27/2018,2638
4/30/2018,2635
5/1/2018,2622
5/2/2018,2644
5/3/2018,2680
5/4/2018,2695
5/7/2018,2687
5/8/2018,2658
5/9/2018,2676
5/10/2018,2694
5/11/2018,2707
5/14/2018,2680
5/15/2018,2706
5/16/2018,2714
5/17/2018,2660
5/18/2018,2658
5/21/2018,2641
5/22/2018,2643
5/23/2018,2646
5/24/2018,2655
5/25/2018,2632
5/28/2018,2634
5/29/2018,2671
5/30/2018,2639
5/31/2018,2626
6/1/2018,2588
6/4/2018,2539
6/5/2018,2547
6/6/2018,2546
6/7/2018,2552
6/8/2018,2521
6/11/2018,2522
6/12/2018,2524
6/13/2018,2539
6/14/2018,2548
6/15/2018,2536
6/18/2018,2509
6/19/2018,2458
6/20/2018,2467
6/21/2018,2459
6/22/2018,2420
6/25/2018,2403
6/26/2018,2424
6/27/2018,2468
6/28/2018,2479
6/29/2018,2491
7/2/2018,2478
7/3/2018,2467
7/4/2018,2468
7/5/2018,2464
7/6/2018,2481
7/9/2018,2490
7/10/2018,2499
7/11/2018,2514
7/12/2018,2465
7/13/2018,2483
7/16/2018,2490
7/17/2018,2440
7/18/2018,2409
7/19/2018,2374
7/20/2018,2379
7/23/2018,2366
7/24/2018,2361
7/25/2018,2365
7/26/2018,2357
7/27/2018,2343
7/30/2018,2358
7/31/2018,2349
8/1/2018,2350
8/2/2018,2372
8/3/2018,2363
8/6/2018,2364
8/7/2018,2343
8/8/2018,2306
8/9/2018,2308
8/10/2018,2310
8/13/2018,2324
8/14/2018,2330
8/15/2018,2309
8/16/2018,2271
8/17/2018,2253
8/20/2018,2240
8/21/2018,2236
8/22/2018,2246
8/23/2018,2234
8/24/2018,2245
8/27/2018,2236
8/28/2018,2241
8/29/2018,2270
8/30/2018,2287
8/31/2018,2291
9/3/2018,2293
9/4/2018,2303
9/5/2018,2304
9/6/2018,2288
9/7/2018,2273
9/10/2018,2267
9/11/2018,2282
9/12/2018,2266
9/13/2018,2242
9/14/2018,2244
9/17/2018,2221
9/18/2018,2229
9/19/2018,2209
9/20/2018,2213
9/21/2018,2211
9/24/2018,2216
9/25/2018,2226
9/26/2018,2232
9/27/2018,2232
9/28/2018,2244
10/1/2018,2245
10/2/2018,2246
10/3/2018,2258
10/4/2018,2225
10/5/2018,2222
10/8/2018,2210
10/9/2018,2217
10/10/2018,2225
10/11/2018,2232
10/12/2018,2223
10/15/2018,2221
10/16/2018,2219
10/17/2018,2194
10/18/2018,2199
10/19/2018,2172
10/22/2018,2158
10/23/2018,2131
10/24/2018,2125
10/25/2018,2111
10/26/2018,2103
10/29/2018,2098
10/30/2018,2093
10/31/2018,2082
11/1/2018,2079
11/2/2018,2081
11/5/2018,2062
11/6/2018,2075
11/7/2018,2085
11/8/2018,2090
11/9/2018,2084
11/12/2018,2087
11/13/2018,2111
11/14/2018,2033
11/15/2018,2027
11/16/2018,1997
11/19/2018,1977
11/20/2018,1999
11/21/2018,1993
11/22/2018,2002
11/23/2018,2016
11/26/2018,2016
11/27/2018,2020
11/28/2018,2032
11/29/2018,2037
11/30/2018,2047
12/3/2018,2038
12/4/2018,2049
12/5/2018,2049
12/6/2018,2057
12/7/2018,2064
12/10/2018,2054
12/11/2018,2051
12/12/2018,2060
12/13/2018,2088
12/14/2018,2064
12/17/2018,2074
12/18/2018,2063
12/19/2018,2038
12/20/2018,2051
12/21/2018,2057
12/24/2018,2074
12/25/2018,1559
12/26/2018,2090
12/27/2018,2081
12/28/2018,2109
12/31/2018,2105
1/1/2019,2115
1/2/2019,2126
1/3/2019,2132
1/4/2019,2125
1/7/2019,2141
1/8/2019,2121
1/9/2019,2102
1/10/2019,2101
1/11/2019,2091
1/14/2019,2097
1/15/2019,2104
1/16/2019,2073
1/17/2019,2077
1/18/2019,2063
1/21/2019,2115
1/22/2019,2049
1/23/2019,2053
1/24/2019,2034
1/25/2019,2038
1/28/2019,2046
1/29/2019,2042
1/30/2019,2052
1/31/2019,2061
2/1/2019,2074
2/4/2019,2070
2/5/2019,2057
2/6/2019,2061
2/7/2019,2050
2/8/2019,2026
2/11/2019,2050
2/12/2019,2077
2/13/2019,2074
2/14/2019,2034
2/15/2019,2046
2/18/2019,1724
2/19/2019,2019
2/20/2019,2007
2/21/2019,2004
2/22/2019,2026
2/25/2019,2029
2/26/2019,2026
2/27/2019,2052
2/28/2019,2057
3/1/2019,2060
3/4/2019,2060
3/5/2019,2068
3/6/2019,2070
3/7/2019,2049
3/8/2019,2007
3/11/2019,2016
3/12/2019,2013
3/13/2019,2032
3/14/2019,2025
3/15/2019,2015
3/18/2019,1994
3/19/2019,1963
3/20/2019,1950
3/21/2019,1952
3/22/2019,1953
3/25/2019,1972
3/26/2019,1969
3/27/2019,1946
3/28/2019,1943
3/29/2019,1957
4/1/2019,1968
4/2/2019,1975
4/3/2019,1978
4/4/2019,2005
4/5/2019,1293
4/8/2019,1293
4/9/2019,1293
4/10/2019,1293
4/11/2019,1293
4/12/2019,1293
4/15/2019,1293
4/16/2019,1293
4/17/2019,1293
4/18/2019,1293
4/19/2019,2104
4/22/2019,2104
4/23/2019,2114
4/24/2019,2137
4/25/2019,2151
4/26/2019,2155
4/29/2019,2150
4/30/2019,2143
5/1/2019,2145
5/2/2019,2161
5/3/2019,2154
5/6/2019,2140
5/7/2019,2147
5/8/2019,2134
5/9/2019,2125
5/10/2019,2146
5/13/2019,2136
5/14/2019,2148
5/15/2019,2154
5/16/2019,2161
5/17/2019,2124
5/20/2019,2128
5/21/2019,2103
5/22/2019,2084
5/23/2019,2096
5/24/2019,2103
5/27/2019,2121
5/28/2019,2121
5/29/2019,2103
5/30/2019,2079
5/31/2019,2077
6/3/2019,2072
6/4/2019,2080
6/5/2019,2078
6/6/2019,2104
6/7/2019,2109
6/10/2019,2091
6/11/2019,2066
6/12/2019,2057
6/13/2019,2062
6/14/2019,2063
6/17/2019,2049
6/18/2019,2007
6/19/2019,2004
6/20/2019,1985
6/21/2019,1977
6/24/2019,1997
6/25/2019,1997
6/26/2019,2005
6/27/2019,2012
6/28/2019,2017
7/1/2019,2021
7/2/2019,2028
7/3/2019,2031
7/4/2019,2034
7/5/2019,2022
7/8/2019,2014
7/9/2019,2004
7/10/2019,2000
7/11/2019,2021
7/12/2019,2048
7/15/2019,2075
7/16/2019,2084
7/17/2019,2090
7/18/2019,2090
7/19/2019,2089
7/22/2019,2051
7/23/2019,2045
7/24/2019,2053
7/25/2019,2055
7/26/2019,2059
7/29/2019,2050
7/30/2019,2061
7/31/2019,2069
8/1/2019,2055
8/2/2019,2068
8/5/2019,2071
8/6/2019,2050
8/7/2019,2070
8/8/2019,2058
8/9/2019,2058
8/12/2019,2058
8/13/2019,2054
8/14/2019,2059
8/15/2019,2051
8/16/2019,2023
8/19/2019,2031
8/20/2019,2018
8/21/2019,1998
8/22/2019,1981
8/23/2019,1986
8/26/2019,1978
8/27/2019,1991
8/28/2019,2003
8/29/2019,2017
8/30/2019,2051
9/2/2019,2051
9/3/2019,2063
9/4/2019,2082
9/5/2019,2086
9/6/2019,2079
9/9/2019,2066
9/10/2019,2082
9/11/2019,2081
9/12/2019,2077
9/13/2019,2093
9/16/2019,2114
9/17/2019,2125
9/18/2019,2073
9/19/2019,2056
9/20/2019,2058
9/23/2019,2050
9/24/2019,2048
9/25/2019,2048
9/26/2019,2030
9/27/2019,2045
9/30/2019,2061
10/1/2019,2071
10/2/2019,2086
10/3/2019,2109
10/4/2019,2132
10/7/2019,2150
10/8/2019,2136
10/9/2019,2106
10/10/2019,2120
10/11/2019,2111
10/14/2019,2126
10/15/2019,2122
10/16/2019,2137
10/17/2019,2134
10/18/2019,2103
10/21/2019,2091
10/22/2019,2081
10/23/2019,2075
10/24/2019,2070
10/25/2019,2046
10/28/2019,2052
10/29/2019,2050
10/30/2019,2046
10/31/2019,2033
11/1/2019,2048
11/4/2019,2058
11/5/2019,2071
11/6/2019,2084
11/7/2019,2097
11/8/2019,2127
11/11/2019,2141
11/12/2019,2152
11/13/2019,2151
11/14/2019,2172
11/15/2019,2163
11/18/2019,2154
11/19/2019,2131
11/20/2019,2124
11/21/2019,2106
11/22/2019,2159
11/25/2019,2176
11/26/2019,2180
11/27/2019,2187
11/28/2019,2196
11/29/2019,2196
12/2/2019,2191
12/3/2019,2173
12/4/2019,2164
12/5/2019,2193
12/6/2019,2210
12/9/2019,2234
12/10/2019,2237
12/11/2019,2230
12/12/2019,2195
12/13/2019,2205
12/16/2019,2177
12/17/2019,2148
12/18/2019,2167
12/19/2019,2150
12/20/2019,2155
12/23/2019,2115
12/24/2019,2110
12/25/2019,2115
12/26/2019,2115
12/27/2019,2126
12/30/2019,2126
12/31/2019,2134
1/1/2020,2148
1/2/2020,2148
1/3/2020,2153
1/6/2020,2203
1/7/2020,2219
1/8/2020,2245
1/9/2020,2223
1/10/2020,2226
1/13/2020,2233
1/14/2020,2216
1/15/2020,2216
1/16/2020,2195
1/17/2020,2199
1/20/2020,2154
1/21/2020,2154
1/22/2020,2141
1/23/2020,2149
1/24/2020,2149
1/27/2020,2174
1/28/2020,2176
1/29/2020,2172
1/30/2020,2196
1/31/2020,2208
2/3/2020,2230
2/4/2020,2266
2/5/2020,2272
2/6/2020,2259
2/7/2020,2258
2/10/2020,2228
2/11/2020,2232
2/12/2020,2214
2/13/2020,2212
2/14/2020,2193
2/17/2020,2150
2/18/2020,2150
2/19/2020,2138
2/20/2020,2126
2/21/2020,2110
2/24/2020,2121
2/25/2020,2153
2/26/2020,2180
2/27/2020,2184
2/28/2020,2208
3/2/2020,2209
3/3/2020,2205
3/4/2020,2196
3/5/2020,2211
3/6/2020,2233
3/9/2020,2214
3/10/2020,2212
3/11/2020,2221
3/12/2020,2230
3/13/2020,2221
3/16/2020,2202
3/17/2020,2190
3/18/2020,2154
3/19/2020,2140
3/20/2020,2124
3/23/2020,2129
3/24/2020,2143
3/25/2020,2141
3/26/2020,2161
3/27/2020,2184
3/30/2020,2226
3/31/2020,2297
4/1/2020,2341
4/2/2020,2391
4/3/2020,2381
4/6/2020,2376
4/7/2020,2392
4/8/2020,2342
4/9/2020,2330
4/10/2020,2387
4/13/2020,2387
4/14/2020,2371
4/15/2020,2354
4/16/2020,2371
4/17/2020,2373
4/20/2020,2391
4/21/2020,2387
4/22/2020,2274
4/23/2020,2223
4/24/2020,2220
4/27/2020,2192
4/28/2020,2193
4/29/2020,2261
4/30/2020,2283
5/1/2020,2303
5/4/2020,2257
5/5/2020,2233
5/6/2020,2244
5/7/2020,2235
5/8/2020,2224
5/11/2020,2253
5/12/2020,2256
5/13/2020,2248
5/14/2020,2287
5/15/2020,2228
5/18/2020,2222
5/19/2020,2196
5/20/2020,2158
5/21/2020,2151
5/22/2020,2144
5/25/2020,2141
5/26/2020,2141
5/27/2020,2136
5/28/2020,2126
5/29/2020,2130
6/1/2020,2143
6/2/2020,2129
6/3/2020,2128
6/4/2020,2136
6/5/2020,2127
6/8/2020,2132
6/9/2020,2135
6/10/2020,2127
6/11/2020,2124
6/12/2020,2124
6/15/2020,2102
6/16/2020,2095
6/17/2020,2077
6/18/2020,2061
6/19/2020,2035
6/22/2020,2018
6/23/2020,2006
6/24/2020,2003
6/25/2020,2000
6/26/2020,2011
6/29/2020,2018
6/30/2020,2011
7/1/2020,2009
7/2/2020,1995
7/3/2020,1979
7/6/2020,1979
7/7/2020,1975
7/8/2020,1972
7/9/2020,1979
7/10/2020,1981
7/13/2020,1970
7/14/2020,1976
7/15/2020,2020
7/16/2020,2018
7/17/2020,1994
7/20/2020,1985
7/21/2020,1968
7/22/2020,1955
7/23/2020,1964
7/24/2020,1961
7/27/2020,1974
7/28/2020,1987
7/29/2020,1993
7/30/2020,2000
7/31/2020,2014
8/3/2020,2006
8/4/2020,2003
8/5/2020,2033
8/6/2020,2063
8/7/2020,2068
8/10/2020,2053
8/11/2020,2054
8/12/2020,2061
8/13/2020,2039
8/14/2020,2060
8/17/2020,2061
8/18/2020,2052
8/19/2020,2045
8/20/2020,2032
8/21/2020,2034
8/24/2020,2042
8/25/2020,2035
8/26/2020,2052
8/27/2020,2061
8/28/2020,2066
8/31/2020,2061
9/1/2020,2061
9/2/2020,2064
9/3/2020,2070
9/4/2020,2054
9/7/2020,2060
9/8/2020,2060
9/9/2020,2047
9/10/2020,2065
9/11/2020,2085
9/14/2020,2098
9/15/2020,2109
9/16/2020,2109
9/17/2020,2090
9/18/2020,2059
9/21/2020,2061
9/22/2020,2023
9/23/2020,2025
9/24/2020,2037
9/25/2020,2045
9/28/2020,2052
9/29/2020,2058
9/30/2020,2078
10/1/2020,2079
10/2/2020,2095
10/5/2020,2112
10/6/2020,2115
10/7/2020,2112
10/8/2020,2092
10/9/2020,2050
10/12/2020,2041
10/13/2020,2056
10/14/2020,2059
10/15/2020,2068
10/16/2020,2060
10/19/2020,2053
10/20/2020,2013
10/21/2020,2008
10/22/2020,2026
10/23/2020,2012
10/26/2020,2008
10/27/2020,2015
10/28/2020,2012
10/29/2020,2012
10/30/2020,2009
11/2/2020,2023
11/3/2020,2039
11/4/2020,2013
11/5/2020,2010
11/6/2020,2007
11/9/2020,2023
11/10/2020,2032
11/11/2020,2053
11/12/2020,2120
11/13/2020,2119
11/16/2020,2125
11/17/2020,2108
11/18/2020,2084
11/19/2020,2092
11/20/2020,2046
11/23/2020,2054
11/24/2020,2064
11/25/2020,2083
11/26/2020,2113
11/27/2020,2113
11/30/2020,2122
12/1/2020,2127
12/2/2020,2123
12/3/2020,2138
12/4/2020,2153
12/7/2020,2162
12/8/2020,2133
12/9/2020,2132
12/10/2020,2115
12/11/2020,2134
12/14/2020,2155
12/15/2020,2153
12/16/2020,2155
12/17/2020,2133
12/18/2020,2150
12/21/2020,2138
12/22/2020,2118
12/23/2020,2114
12/24/2020,2120
12/25/2020,2116
12/28/2020,2116
12/29/2020,2122
12/30/2020,2122
12/31/2020,2144
1/1/2021,2155
1/4/2021,2155
1/5/2021,2173
1/6/2021,2170
1/7/2021,2180
1/8/2021,2199
1/11/2021,2234
1/12/2021,2226
1/13/2021,2235
1/14/2021,2238
1/15/2021,2238
1/18/2021,2224
1/19/2021,2224
1/20/2021,2217
1/21/2021,2250
1/22/2021,2279
1/25/2021,2293
1/26/2021,2306
1/27/2021,2317
1/28/2021,2344
1/29/2021,2339
2/1/2021,2348
2/2/2021,2367
2/3/2021,2390
2/4/2021,2444
2/5/2021,2459
2/8/2021,2447
2/9/2021,2445
2/10/2021,2447
2/11/2021,2453
2/12/2021,2471
2/15/2021,2498
2/16/2021,2498
2/17/2021,2508
2/18/2021,2496
2/19/2021,2525
2/22/2021,2466
2/23/2021,2462
2/24/2021,2458
2/25/2021,2484
2/26/2021,2506
3/1/2021,2503
3/2/2021,2518
3/3/2021,2492
3/4/2021,2509
3/5/2021,2495
3/8/2021,2504
3/9/2021,2497
3/10/2021,2495
3/11/2021,2503
3/12/2021,2533
3/15/2021,2541
3/16/2021,2540
3/17/2021,2523
3/18/2021,2479
3/19/2021,2426
3/22/2021,2360
3/23/2021,2341
3/24/2021,2319
3/25/2021,2336
3/26/2021,2314
3/29/2021,2311
3/30/2021,2328
3/31/2021,2327
4/1/2021,2348
4/2/2021,2352
4/5/2021,2351
4/6/2021,2348
4/7/2021,2340
4/8/2021,2348
4/9/2021,2329
4/12/2021,2338
4/13/2021,2317
4/14/2021,2302
4/15/2021,2338
4/16/2021,2330
4/19/2021,2327
4/20/2021,2322
4/21/2021,2346
4/22/2021,2342
4/23/2021,2331
4/26/2021,2339
4/27/2021,2346
4/28/2021,2353
4/29/2021,2364
4/30/2021,2376
5/3/2021,2381
5/4/2021,2395
5/5/2021,2420
5/6/2021,2449
5/7/2021,2458
5/10/2021,2454
5/11/2021,2459
5/12/2021,2444
5/13/2021,2462
5/14/2021,2453
5/17/2021,2482
5/18/2021,2451
5/19/2021,2459
5/20/2021,2440
5/21/2021,2417
5/24/2021,2419
5/25/2021,2423
5/26/2021,2426
5/27/2021,2464
5/28/2021,2475
5/31/2021,2486
6/1/2021,2486
6/2/2021,2507
6/3/2021,2511
6/4/2021,2526
6/7/2021,2539
6/8/2021,2522
6/9/2021,2512
6/10/2021,2493
6/11/2021,2466
6/14/2021,2466
6/15/2021,2444
6/16/2021,2475
6/17/2021,2485
6/18/2021,2418
6/21/2021,2417
6/22/2021,2380
6/23/2021,2347
6/24/2021,2362
6/25/2021,2373
6/28/2021,2369
6/29/2021,2361
6/30/2021,2370
7/1/2021,2390
7/2/2021,2412
7/6/2021,2420
7/7/2021,2414
7/8/2021,2400
7/9/2021,2390
7/12/2021,2383
7/13/2021,2395
7/14/2021,2414
7/15/2021,2376
7/16/2021,2320
7/19/2021,2302
7/20/2021,2268
7/21/2021,2242
7/22/2021,2244
7/23/2021,2280
7/26/2021,2307
7/27/2021,2322
7/28/2021,2327
7/29/2021,2318
7/30/2021,2315
8/2/2021,2320
8/3/2021,2316
8/4/2021,2313
8/5/2021,2284
8/6/2021,2277
8/9/2021,2246
8/10/2021,2232
8/11/2021,2195
8/12/2021,2184
8/13/2021,2189
8/16/2021,2171
8/17/2021,2164
8/18/2021,2136
8/19/2021,2113
8/20/2021,2083
8/23/2021,2065
8/24/2021,2046
8/25/2021,2043
8/26/2021,2055
8/27/2021,2062
8/30/2021,2067
8/31/2021,2078
9/1/2021,2074
9/2/2021,2091
9/3/2021,2108
9/7/2021,2106
9/8/2021,2108
9/9/2021,2141
9/10/2021,2152
9/13/2021,2155
9/14/2021,2140
9/15/2021,2145
9/16/2021,2165
9/17/2021,2141
9/20/2021,2131
9/21/2021,2111
9/22/2021,2100
9/23/2021,2110
9/24/2021,2144
9/27/2021,2157
9/28/2021,2172
9/29/2021,2175
9/30/2021,2180
10/1/2021,2177
10/4/2021,2174
10/5/2021,2197
10/6/2021,2231
10/7/2021,2242
10/8/2021,2251
10/11/2021,2237
10/12/2021,2216
10/13/2021,2231
10/14/2021,2247
10/15/2021,2242
10/18/2021,2243
10/19/2021,2234
10/20/2021,2205
10/21/2021,2207
10/22/2021,2177
10/25/2021,2167
10/26/2021,2153
10/27/2021,2144
10/28/2021,2138
10/29/2021,2137
11/1/2021,2124
11/2/2021,2122
11/3/2021,2121
11/4/2021,2121
11/5/2021,2125
11/8/2021,2096
11/9/2021,2093
11/10/2021,2081
11/11/2021,2075
11/12/2021,2085
11/15/2021,2085
11/16/2021,2077
11/17/2021,2058
11/18/2021,2041
11/19/2021,2010
11/22/2021,2010
11/23/2021,2011
11/24/2021,2029
11/25/2021,2033
11/26/2021,2033
11/29/2021,2046
11/30/2021,2020
12/1/2021,2033
12/2/2021,2013
12/3/2021,2005
12/6/2021,2008
12/7/2021,2007
12/8/2021,1973
12/9/2021,1955
12/10/2021,1951
12/13/2021,1952
12/14/2021,1959
12/15/2021,1953
12/16/2021,1926
12/17/2021,1914
12/20/2021,1899
12/21/2021,1894
12/22/2021,1890
12/23/2021,1877
12/24/2021,1877
12/27/2021,1877
12/28/2021,1861
12/29/2021,1867
12/30/2021,1871
12/31/2021,1867
1/3/2022,1867
1/4/2022,1886
1/5/2022,1887
1/6/2022,1902
1/7/2022,1913
1/10/2022,1918
1/11/2022,1931
1/12/2022,1967
1/13/2022,1987
1/14/2022,2015
1/17/2022,2050
1/18/2022,2050
1/19/2022,2060
1/20/2022,2050
1/21/2022,2065
1/24/2022,2062
1/25/2022,2071
1/26/2022,2096
1/27/2022,2115
1/28/2022,2109
1/31/2022,2097
2/1/2022,2100
2/2/2022,2094
2/3/2022,2118
2/4/2022,2140
2/7/2022,2157
2/8/2022,2163
2/9/2022,2171
2/10/2022,2171
2/11/2022,2175
2/14/2022,2156
2/15/2022,2134
2/16/2022,2123
2/17/2022,2104
2/18/2022,2086
2/21/2022,2070
2/22/2022,2070
2/23/2022,2055
2/24/2022,2058
2/25/2022,2080
2/28/2022,2091
3/1/2022,2093
3/2/2022,2028
3/3/2022,1979
3/4/2022,1944
3/7/2022,1929
3/8/2022,1895
3/9/2022,1897
3/10/2022,1872
3/11/2022,1881
3/14/2022,1876
3/15/2022,1860
3/16/2022,1851
3/17/2022,1829
3/18/2022,1797
3/21/2022,1793
3/22/2022,1791
3/23/2022,1785
3/24/2022,1785
3/25/2022,1795
3/28/2022,1799
3/29/2022,1798
3/30/2022,1796
3/31/2022,1807
4/1/2022,1805
4/4/2022,1791
4/5/2022,1803
4/6/2022,1823
4/7/2022,1839
