dateswti,Open Interest
4-Jan-00,25.55
5-Jan-00,24.91
6-Jan-00,24.78
7-Jan-00,24.22
10-Jan-00,24.67
11-Jan-00,25.77
12-Jan-00,26.28
13-Jan-00,26.69
14-Jan-00,28.02
18-Jan-00,28.85
19-Jan-00,29.54
20-Jan-00,29.66
21-Jan-00,28.2
24-Jan-00,27.83
25-Jan-00,28.28
26-Jan-00,27.84
27-Jan-00,27.32
28-Jan-00,27.22
31-Jan-00,27.64
1-Feb-00,28.22
2-Feb-00,27.55
3-Feb-00,28.03
4-Feb-00,28.82
7-Feb-00,28.45
8-Feb-00,28.02
9-Feb-00,28.77
10-Feb-00,29.43
11-Feb-00,29.44
14-Feb-00,30.25
15-Feb-00,30.06
16-Feb-00,30.05
17-Feb-00,29.46
18-Feb-00,29.51
22-Feb-00,29.62
23-Feb-00,29.39
24-Feb-00,29.97
25-Feb-00,30.35
28-Feb-00,30.13
29-Feb-00,30.43
1-Mar-00,31.77
2-Mar-00,31.69
3-Mar-00,31.51
6-Mar-00,32.18
7-Mar-00,34.13
8-Mar-00,31.26
9-Mar-00,31.69
10-Mar-00,31.76
13-Mar-00,32.02
14-Mar-00,31.69
15-Mar-00,30.72
16-Mar-00,31.09
17-Mar-00,30.91
20-Mar-00,29.43
21-Mar-00,28
22-Mar-00,27.46
23-Mar-00,27.31
24-Mar-00,28.02
27-Mar-00,27.79
28-Mar-00,27.09
29-Mar-00,26.45
30-Mar-00,26.7
31-Mar-00,26.9
3-Apr-00,26.43
4-Apr-00,25.45
5-Apr-00,25.83
6-Apr-00,25.69
7-Apr-00,25.04
10-Apr-00,23.85
11-Apr-00,24.14
12-Apr-00,25.41
13-Apr-00,25.38
14-Apr-00,25.57
17-Apr-00,25.89
18-Apr-00,26.11
19-Apr-00,27.35
20-Apr-00,25.88
24-Apr-00,26.04
25-Apr-00,25.33
26-Apr-00,24.65
27-Apr-00,25.42
28-Apr-00,25.74
1-May-00,25.87
2-May-00,26.89
3-May-00,26.75
4-May-00,26.98
5-May-00,27.29
8-May-00,28.09
9-May-00,28.65
10-May-00,28.1
11-May-00,29.11
12-May-00,29.62
15-May-00,29.92
16-May-00,29.73
17-May-00,29.32
18-May-00,30.33
19-May-00,29.89
22-May-00,28.61
23-May-00,28.78
24-May-00,29.93
25-May-00,30.51
26-May-00,30
30-May-00,30.35
31-May-00,29.01
1-Jun-00,30.14
2-Jun-00,30.35
5-Jun-00,29.7
6-Jun-00,29.75
7-Jun-00,29.95
8-Jun-00,29.78
9-Jun-00,30.2
12-Jun-00,31.74
13-Jun-00,32.56
14-Jun-00,32.85
15-Jun-00,32.95
16-Jun-00,32.33
19-Jun-00,31.69
20-Jun-00,33.05
21-Jun-00,31.37
22-Jun-00,32.19
23-Jun-00,32.25
26-Jun-00,31.63
27-Jun-00,32.06
28-Jun-00,31.9
29-Jun-00,32.72
30-Jun-00,32.5
5-Jul-00,30.67
6-Jul-00,29.99
7-Jul-00,30.28
10-Jul-00,29.69
11-Jul-00,29.7
12-Jul-00,30.32
13-Jul-00,31.47
14-Jul-00,31.4
17-Jul-00,30.83
18-Jul-00,31.94
19-Jul-00,31.42
20-Jul-00,30.93
21-Jul-00,28.56
24-Jul-00,28.02
25-Jul-00,27.95
26-Jul-00,27.81
27-Jul-00,28.02
28-Jul-00,28.18
31-Jul-00,27.43
1-Aug-00,27.79
2-Aug-00,28.26
3-Aug-00,28.66
4-Aug-00,29.96
7-Aug-00,28.91
8-Aug-00,29.12
9-Aug-00,30.35
10-Aug-00,31.34
11-Aug-00,31.02
14-Aug-00,31.94
15-Aug-00,31.67
16-Aug-00,31.8
17-Aug-00,31.94
18-Aug-00,31.99
21-Aug-00,32.47
22-Aug-00,31.22
23-Aug-00,32.02
24-Aug-00,31.63
25-Aug-00,32.03
28-Aug-00,32.87
29-Aug-00,32.74
30-Aug-00,33.32
31-Aug-00,33.12
1-Sep-00,33.38
5-Sep-00,33.83
6-Sep-00,34.9
7-Sep-00,35.39
8-Sep-00,33.63
11-Sep-00,35.14
12-Sep-00,34.28
13-Sep-00,33.82
14-Sep-00,34.07
15-Sep-00,35.92
18-Sep-00,36.88
19-Sep-00,36.51
20-Sep-00,37.2
21-Sep-00,34
22-Sep-00,32.68
25-Sep-00,31.57
26-Sep-00,31.5
27-Sep-00,31.46
28-Sep-00,30.34
29-Sep-00,30.84
2-Oct-00,32.18
3-Oct-00,32.07
4-Oct-00,31.43
5-Oct-00,30.53
6-Oct-00,30.86
9-Oct-00,31.86
10-Oct-00,33.18
11-Oct-00,33.25
12-Oct-00,36.06
13-Oct-00,34.99
16-Oct-00,32.92
17-Oct-00,32.99
18-Oct-00,33.48
19-Oct-00,32.91
20-Oct-00,33.75
23-Oct-00,33.76
24-Oct-00,33.37
25-Oct-00,32.96
26-Oct-00,33.71
27-Oct-00,32.74
30-Oct-00,32.81
31-Oct-00,32.7
1-Nov-00,33.25
2-Nov-00,32.54
3-Nov-00,32.71
6-Nov-00,32.86
7-Nov-00,33.4
8-Nov-00,33.24
9-Nov-00,33.92
10-Nov-00,34.02
13-Nov-00,34.47
14-Nov-00,34.87
15-Nov-00,35.58
16-Nov-00,35.12
17-Nov-00,35.45
20-Nov-00,35.22
21-Nov-00,35.16
22-Nov-00,35.4
27-Nov-00,35.38
28-Nov-00,34.22
29-Nov-00,34.63
30-Nov-00,33.82
1-Dec-00,32.02
4-Dec-00,31.22
5-Dec-00,29.53
6-Dec-00,29.85
7-Dec-00,29.35
8-Dec-00,28.44
11-Dec-00,29.5
12-Dec-00,29.68
13-Dec-00,28.74
14-Dec-00,27.99
15-Dec-00,28.87
18-Dec-00,29.76
19-Dec-00,29.33
20-Dec-00,25.77
21-Dec-00,25.98
22-Dec-00,26.18
26-Dec-00,26.64
27-Dec-00,26.47
28-Dec-00,25.85
29-Dec-00,26.8
2-Jan-01,27.21
3-Jan-01,28
4-Jan-01,28.14
5-Jan-01,27.95
8-Jan-01,27.32
9-Jan-01,27.64
10-Jan-01,29.48
11-Jan-01,29.41
12-Jan-01,30.05
16-Jan-01,30.29
17-Jan-01,29.6
18-Jan-01,30.45
19-Jan-01,32.19
22-Jan-01,32.19
23-Jan-01,29.57
24-Jan-01,29.05
25-Jan-01,29.36
26-Jan-01,29.77
29-Jan-01,29.06
30-Jan-01,29.06
31-Jan-01,28.66
1-Feb-01,29.82
2-Feb-01,31.19
5-Feb-01,30.55
6-Feb-01,30.35
7-Feb-01,31.27
8-Feb-01,31.59
9-Feb-01,31.03
12-Feb-01,30.51
13-Feb-01,30.36
14-Feb-01,29.71
15-Feb-01,28.8
16-Feb-01,29.16
20-Feb-01,28.58
21-Feb-01,28.53
22-Feb-01,28.82
23-Feb-01,29.04
26-Feb-01,28.42
27-Feb-01,28.13
28-Feb-01,27.39
1-Mar-01,27.62
2-Mar-01,27.84
5-Mar-01,28.6
6-Mar-01,28.32
7-Mar-01,29
8-Mar-01,28.39
9-Mar-01,28.01
12-Mar-01,28
13-Mar-01,27.59
14-Mar-01,26.41
15-Mar-01,26.55
16-Mar-01,26.74
19-Mar-01,26.15
20-Mar-01,25.96
21-Mar-01,26.8
22-Mar-01,26.54
23-Mar-01,27.3
26-Mar-01,27.48
27-Mar-01,27.75
28-Mar-01,26.31
29-Mar-01,26.32
30-Mar-01,26.29
2-Apr-01,25.59
3-Apr-01,26.19
4-Apr-01,27.12
5-Apr-01,27.26
6-Apr-01,27.06
9-Apr-01,27.28
10-Apr-01,28.48
11-Apr-01,28.18
12-Apr-01,28.25
16-Apr-01,28.79
17-Apr-01,28.24
18-Apr-01,27.95
19-Apr-01,27.82
20-Apr-01,27.28
23-Apr-01,27.61
24-Apr-01,26.86
25-Apr-01,27.29
26-Apr-01,28.44
27-Apr-01,28.27
30-Apr-01,28.46
1-May-01,28.94
2-May-01,27.8
3-May-01,28.45
4-May-01,28.36
7-May-01,27.77
8-May-01,27.39
9-May-01,28.23
10-May-01,28.52
11-May-01,28.55
14-May-01,28.71
15-May-01,28.98
16-May-01,28.86
17-May-01,28.91
18-May-01,29.91
21-May-01,29.98
22-May-01,29.74
23-May-01,29.58
24-May-01,28.41
25-May-01,28.38
29-May-01,28.66
30-May-01,28.55
31-May-01,28.37
1-Jun-01,27.93
4-Jun-01,28.13
5-Jun-01,28.24
6-Jun-01,27.72
7-Jun-01,27.75
8-Jun-01,28.33
11-Jun-01,29.04
12-Jun-01,29.18
13-Jun-01,28.84
14-Jun-01,29.04
15-Jun-01,28.51
18-Jun-01,27.55
19-Jun-01,27.48
20-Jun-01,26.5
21-Jun-01,26.56
22-Jun-01,26.83
25-Jun-01,27.25
26-Jun-01,26.98
27-Jun-01,25.61
28-Jun-01,25.56
29-Jun-01,26.25
2-Jul-01,25.95
3-Jul-01,26.24
5-Jul-01,27.02
6-Jul-01,28.21
9-Jul-01,27.59
10-Jul-01,27.49
11-Jul-01,27.11
12-Jul-01,26.8
13-Jul-01,26.59
16-Jul-01,26.06
17-Jul-01,25.57
18-Jul-01,24.89
19-Jul-01,24.7
20-Jul-01,25.59
23-Jul-01,26.12
24-Jul-01,26.31
25-Jul-01,26.84
26-Jul-01,26.73
27-Jul-01,27.02
30-Jul-01,26.63
31-Jul-01,26.35
1-Aug-01,26.77
2-Aug-01,27.71
3-Aug-01,27.62
6-Aug-01,27.74
7-Aug-01,27.94
8-Aug-01,27.54
9-Aug-01,27.64
10-Aug-01,28.05
13-Aug-01,27.82
14-Aug-01,28.01
15-Aug-01,27.56
16-Aug-01,27.4
17-Aug-01,26.68
20-Aug-01,27.18
21-Aug-01,27.91
22-Aug-01,26.37
23-Aug-01,26.63
24-Aug-01,26.9
27-Aug-01,26.67
28-Aug-01,27.17
29-Aug-01,27.05
30-Aug-01,26.55
31-Aug-01,27.2
4-Sep-01,26.93
5-Sep-01,26.95
6-Sep-01,27.58
7-Sep-01,28.03
10-Sep-01,27.63
11-Sep-01,27.77
14-Sep-01,29.53
17-Sep-01,28.81
18-Sep-01,27.7
19-Sep-01,26.72
20-Sep-01,26.59
21-Sep-01,25.97
24-Sep-01,22.01
25-Sep-01,21.81
26-Sep-01,22.38
27-Sep-01,22.74
28-Sep-01,23.43
1-Oct-01,23.28
2-Oct-01,22.79
3-Oct-01,22.08
4-Oct-01,22.63
5-Oct-01,22.39
8-Oct-01,22.45
9-Oct-01,22.48
10-Oct-01,22.53
11-Oct-01,23.34
12-Oct-01,22.5
15-Oct-01,22.29
16-Oct-01,22
17-Oct-01,21.81
18-Oct-01,21.31
19-Oct-01,21.83
22-Oct-01,21.76
23-Oct-01,21.85
24-Oct-01,22.33
25-Oct-01,22.01
26-Oct-01,22.03
29-Oct-01,22.15
30-Oct-01,21.87
31-Oct-01,21.18
1-Nov-01,20.39
2-Nov-01,20.18
5-Nov-01,20.02
6-Nov-01,19.92
7-Nov-01,20.09
8-Nov-01,21.17
9-Nov-01,22.22
12-Nov-01,21.23
13-Nov-01,21.67
14-Nov-01,19.74
15-Nov-01,17.45
16-Nov-01,18.03
19-Nov-01,17.72
20-Nov-01,19.15
21-Nov-01,18.96
26-Nov-01,18.69
27-Nov-01,19.48
28-Nov-01,19.22
29-Nov-01,18.62
30-Nov-01,19.44
3-Dec-01,20.09
4-Dec-01,19.65
5-Dec-01,19.49
6-Dec-01,18.54
7-Dec-01,19.04
10-Dec-01,18.37
11-Dec-01,18.08
12-Dec-01,18.36
13-Dec-01,18.12
14-Dec-01,19.23
17-Dec-01,19.22
18-Dec-01,19.36
19-Dec-01,19.8
20-Dec-01,19.28
21-Dec-01,19.62
26-Dec-01,21.27
27-Dec-01,20.9
28-Dec-01,20.41
31-Dec-01,19.84
2-Jan-02,21.01
3-Jan-02,20.37
4-Jan-02,21.62
7-Jan-02,21.48
8-Jan-02,21.25
9-Jan-02,20.18
10-Jan-02,20.38
11-Jan-02,19.68
14-Jan-02,18.89
15-Jan-02,18.9
16-Jan-02,18.86
17-Jan-02,17.97
18-Jan-02,18
22-Jan-02,18.34
23-Jan-02,19.5
24-Jan-02,19.7
25-Jan-02,19.99
28-Jan-02,20.05
29-Jan-02,19.58
30-Jan-02,19.08
31-Jan-02,19.48
1-Feb-02,20.38
4-Feb-02,20.07
5-Feb-02,20.07
6-Feb-02,19.78
7-Feb-02,19.64
8-Feb-02,20.26
11-Feb-02,21.41
12-Feb-02,20.73
13-Feb-02,21.18
14-Feb-02,21.23
15-Feb-02,21.5
19-Feb-02,20.88
20-Feb-02,20.29
21-Feb-02,20.95
22-Feb-02,21.07
25-Feb-02,20.48
26-Feb-02,21.41
27-Feb-02,21.29
28-Feb-02,21.74
1-Mar-02,22.4
4-Mar-02,22.45
5-Mar-02,23.17
6-Mar-02,23.15
7-Mar-02,23.71
8-Mar-02,23.84
11-Mar-02,24.31
12-Mar-02,24.2
13-Mar-02,24.16
14-Mar-02,24.56
15-Mar-02,24.51
18-Mar-02,25.11
19-Mar-02,24.88
20-Mar-02,24.9
21-Mar-02,25.61
22-Mar-02,25.35
25-Mar-02,24.99
26-Mar-02,25.36
27-Mar-02,25.87
28-Mar-02,26.31
1-Apr-02,26.88
2-Apr-02,27.71
3-Apr-02,27.56
4-Apr-02,26.58
5-Apr-02,26.21
8-Apr-02,26.54
9-Apr-02,25.82
10-Apr-02,26.13
11-Apr-02,24.99
12-Apr-02,23.47
15-Apr-02,24.57
16-Apr-02,24.75
17-Apr-02,25.94
18-Apr-02,26.18
19-Apr-02,26.38
22-Apr-02,26.27
23-Apr-02,26.62
24-Apr-02,26.38
25-Apr-02,26.73
26-Apr-02,27.11
29-Apr-02,27.57
30-Apr-02,27.29
1-May-02,26.75
2-May-02,26.24
3-May-02,26.62
6-May-02,26.12
7-May-02,26.63
8-May-02,27.85
9-May-02,27.68
10-May-02,27.99
13-May-02,28.38
14-May-02,29.36
15-May-02,28.15
16-May-02,27.95
17-May-02,28.18
20-May-02,28.33
21-May-02,27.33
22-May-02,26.37
23-May-02,26.15
24-May-02,25.88
28-May-02,25.27
29-May-02,25.76
30-May-02,24.67
31-May-02,25.31
3-Jun-02,25.08
4-Jun-02,25.33
5-Jun-02,24.89
6-Jun-02,24.79
7-Jun-02,24.75
10-Jun-02,24.29
11-Jun-02,24.12
12-Jun-02,24.64
13-Jun-02,25.64
14-Jun-02,25.94
17-Jun-02,26.09
18-Jun-02,25.43
19-Jun-02,25.31
20-Jun-02,25.53
21-Jun-02,25.82
24-Jun-02,26.47
25-Jun-02,26.32
26-Jun-02,26.76
27-Jun-02,26.86
28-Jun-02,26.86
1-Jul-02,26.81
2-Jul-02,26.77
3-Jul-02,26.8
8-Jul-02,26.07
9-Jul-02,26.09
10-Jul-02,26.77
11-Jul-02,26.83
12-Jul-02,27.48
15-Jul-02,27.07
16-Jul-02,27.75
17-Jul-02,27.88
18-Jul-02,27.57
19-Jul-02,27.83
22-Jul-02,26.6
23-Jul-02,26.31
24-Jul-02,26.87
25-Jul-02,26.77
26-Jul-02,26.54
29-Jul-02,26.55
30-Jul-02,27.36
31-Jul-02,27.02
1-Aug-02,26.47
2-Aug-02,26.84
5-Aug-02,26.58
6-Aug-02,27.17
7-Aug-02,26.5
8-Aug-02,26.67
9-Aug-02,26.86
12-Aug-02,27.86
13-Aug-02,27.9
14-Aug-02,28.15
15-Aug-02,29.06
16-Aug-02,29.33
19-Aug-02,29.84
20-Aug-02,30.11
21-Aug-02,29.24
22-Aug-02,28.84
23-Aug-02,28.63
26-Aug-02,29.28
27-Aug-02,28.83
28-Aug-02,28.34
29-Aug-02,28.92
30-Aug-02,28.98
3-Sep-02,27.79
4-Sep-02,28.27
5-Sep-02,28.98
6-Sep-02,29.61
9-Sep-02,29.73
10-Sep-02,29.73
11-Sep-02,29.77
12-Sep-02,28.85
13-Sep-02,29.81
16-Sep-02,29.67
17-Sep-02,29.08
18-Sep-02,29.48
19-Sep-02,29.5
20-Sep-02,29.61
23-Sep-02,30.71
24-Sep-02,30.77
25-Sep-02,30.64
26-Sep-02,30.41
27-Sep-02,30.54
30-Sep-02,30.45
1-Oct-02,30.83
2-Oct-02,30.49
3-Oct-02,29.76
4-Oct-02,29.62
7-Oct-02,29.64
8-Oct-02,29.48
9-Oct-02,29.35
10-Oct-02,28.97
11-Oct-02,29.37
14-Oct-02,30.03
15-Oct-02,29.72
16-Oct-02,29.47
17-Oct-02,29.62
18-Oct-02,29.6
21-Oct-02,28.37
22-Oct-02,27.92
23-Oct-02,28.18
24-Oct-02,28.2
25-Oct-02,27.05
28-Oct-02,27.29
29-Oct-02,26.86
30-Oct-02,26.81
31-Oct-02,27.22
1-Nov-02,27.13
4-Nov-02,26.95
5-Nov-02,26.14
6-Nov-02,25.77
7-Nov-02,25.38
8-Nov-02,25.78
11-Nov-02,25.94
12-Nov-02,25.9
13-Nov-02,25.19
14-Nov-02,25.29
15-Nov-02,25.51
18-Nov-02,26.71
19-Nov-02,26.42
20-Nov-02,26.98
21-Nov-02,26.35
22-Nov-02,26.76
25-Nov-02,26.11
26-Nov-02,26.4
27-Nov-02,26.89
2-Dec-02,27.24
3-Dec-02,27.3
4-Dec-02,26.71
5-Dec-02,27.29
6-Dec-02,26.93
9-Dec-02,27.2
10-Dec-02,27.74
11-Dec-02,27.4
12-Dec-02,28.01
13-Dec-02,28.44
16-Dec-02,30.1
17-Dec-02,30.1
18-Dec-02,30.44
19-Dec-02,30.56
20-Dec-02,30.3
23-Dec-02,31.75
24-Dec-02,31.97
26-Dec-02,32.49
27-Dec-02,32.72
30-Dec-02,31.37
31-Dec-02,31.2
2-Jan-03,31.85
3-Jan-03,33.08
6-Jan-03,32.1
7-Jan-03,31.08
8-Jan-03,30.56
9-Jan-03,31.99
10-Jan-03,31.68
13-Jan-03,32.26
14-Jan-03,32.37
15-Jan-03,33.21
16-Jan-03,33.66
17-Jan-03,33.91
21-Jan-03,34.61
22-Jan-03,32.85
23-Jan-03,32.25
24-Jan-03,33.28
27-Jan-03,32.29
28-Jan-03,32.67
29-Jan-03,33.63
30-Jan-03,33.85
31-Jan-03,33.51
3-Feb-03,32.76
4-Feb-03,33.58
5-Feb-03,33.93
6-Feb-03,34.16
7-Feb-03,35.12
10-Feb-03,34.48
11-Feb-03,35.44
12-Feb-03,35.77
13-Feb-03,36.36
14-Feb-03,36.8
18-Feb-03,36.96
19-Feb-03,37.16
20-Feb-03,36.79
21-Feb-03,35.58
24-Feb-03,36.48
25-Feb-03,36.06
26-Feb-03,37.7
27-Feb-03,37.2
28-Feb-03,36.6
3-Mar-03,35.88
4-Mar-03,36.89
5-Mar-03,36.69
6-Mar-03,37
7-Mar-03,37.78
10-Mar-03,37.27
11-Mar-03,36.72
12-Mar-03,37.83
13-Mar-03,36.01
14-Mar-03,35.38
17-Mar-03,34.93
18-Mar-03,31.67
19-Mar-03,29.88
20-Mar-03,28.61
21-Mar-03,26.91
24-Mar-03,28.66
25-Mar-03,27.97
26-Mar-03,28.63
27-Mar-03,30.37
28-Mar-03,30.16
31-Mar-03,31.04
1-Apr-03,29.78
2-Apr-03,28.56
3-Apr-03,28.97
4-Apr-03,28.62
7-Apr-03,27.96
8-Apr-03,28
9-Apr-03,28.85
10-Apr-03,27.46
11-Apr-03,28.14
14-Apr-03,28.63
15-Apr-03,29.29
16-Apr-03,29.18
17-Apr-03,30.55
21-Apr-03,30.87
22-Apr-03,29.91
23-Apr-03,26.65
24-Apr-03,26.64
25-Apr-03,26.26
28-Apr-03,25.49
29-Apr-03,25.24
30-Apr-03,25.8
1-May-03,26.03
2-May-03,25.67
5-May-03,26.49
6-May-03,25.72
7-May-03,26.23
8-May-03,26.98
9-May-03,27.72
12-May-03,27.35
13-May-03,28.5
14-May-03,29.17
15-May-03,28.74
16-May-03,29.14
19-May-03,28.83
20-May-03,29.28
21-May-03,29.03
22-May-03,28.85
23-May-03,29.16
27-May-03,29.35
28-May-03,28.58
29-May-03,29.1
30-May-03,29.56
2-Jun-03,30.71
3-Jun-03,30.67
4-Jun-03,30.05
5-Jun-03,30.74
6-Jun-03,31.28
9-Jun-03,31.45
10-Jun-03,31.73
11-Jun-03,32.36
12-Jun-03,31.51
13-Jun-03,30.65
16-Jun-03,31.18
17-Jun-03,31.07
18-Jun-03,30.36
19-Jun-03,29.96
20-Jun-03,30.82
23-Jun-03,29.17
24-Jun-03,28.78
25-Jun-03,29.95
26-Jun-03,29.01
27-Jun-03,29.27
30-Jun-03,30.19
1-Jul-03,30.4
2-Jul-03,30.15
3-Jul-03,30.42
7-Jul-03,30.13
8-Jul-03,30.22
9-Jul-03,30.88
10-Jul-03,31.06
11-Jul-03,31.28
14-Jul-03,31.27
15-Jul-03,31.62
16-Jul-03,31.05
17-Jul-03,31.41
18-Jul-03,31.96
21-Jul-03,31.78
22-Jul-03,30.19
23-Jul-03,29.67
24-Jul-03,30.22
25-Jul-03,30.17
28-Jul-03,30.11
29-Jul-03,30.24
30-Jul-03,30.68
31-Jul-03,30.54
1-Aug-03,32.31
4-Aug-03,31.84
5-Aug-03,32.22
6-Aug-03,31.7
7-Aug-03,32.39
8-Aug-03,32.18
11-Aug-03,32.01
12-Aug-03,31.92
13-Aug-03,30.78
14-Aug-03,31.09
15-Aug-03,31.05
18-Aug-03,30.89
19-Aug-03,30.7
20-Aug-03,30.95
21-Aug-03,31.88
22-Aug-03,31.84
25-Aug-03,31.56
26-Aug-03,31.95
27-Aug-03,31.21
28-Aug-03,31.5
29-Aug-03,31.57
2-Sep-03,29.41
3-Sep-03,29.49
4-Sep-03,28.98
5-Sep-03,28.88
8-Sep-03,28.85
9-Sep-03,29.18
10-Sep-03,29.35
11-Sep-03,28.82
12-Sep-03,28.27
15-Sep-03,28.14
16-Sep-03,27.56
17-Sep-03,27.03
18-Sep-03,27.17
19-Sep-03,27.03
22-Sep-03,26.96
23-Sep-03,27.13
24-Sep-03,28.24
25-Sep-03,28.29
26-Sep-03,28.16
29-Sep-03,28.4
30-Sep-03,29.2
1-Oct-03,29.39
2-Oct-03,29.84
3-Oct-03,30.4
6-Oct-03,30.47
7-Oct-03,30.41
8-Oct-03,29.81
9-Oct-03,31.01
10-Oct-03,31.97
13-Oct-03,31.95
14-Oct-03,31.82
15-Oct-03,31.77
16-Oct-03,31.54
17-Oct-03,30.68
20-Oct-03,30.35
21-Oct-03,30.18
22-Oct-03,29.92
23-Oct-03,30.3
24-Oct-03,30.16
27-Oct-03,29.92
28-Oct-03,29.56
29-Oct-03,28.91
30-Oct-03,28.47
31-Oct-03,29.11
3-Nov-03,28.9
4-Nov-03,28.75
5-Nov-03,30.3
6-Nov-03,30.26
7-Nov-03,30.85
10-Nov-03,30.88
11-Nov-03,31.15
12-Nov-03,31.33
13-Nov-03,31.9
14-Nov-03,32.37
17-Nov-03,31.73
18-Nov-03,33.28
19-Nov-03,32.92
20-Nov-03,32.86
21-Nov-03,31.61
24-Nov-03,29.74
25-Nov-03,29.77
26-Nov-03,30.41
1-Dec-03,29.95
2-Dec-03,30.78
3-Dec-03,31.1
4-Dec-03,31.26
5-Dec-03,30.73
8-Dec-03,32.1
9-Dec-03,31.76
10-Dec-03,31.88
11-Dec-03,31.85
12-Dec-03,33.04
15-Dec-03,33.18
16-Dec-03,32.89
17-Dec-03,33.35
18-Dec-03,33.71
19-Dec-03,33.02
22-Dec-03,31.87
23-Dec-03,31.95
24-Dec-03,32.86
29-Dec-03,32.4
30-Dec-03,32.79
31-Dec-03,32.52
5-Jan-04,33.78
6-Jan-04,33.7
7-Jan-04,33.62
8-Jan-04,33.98
9-Jan-04,34.31
12-Jan-04,34.72
13-Jan-04,34.43
14-Jan-04,34.5
15-Jan-04,33.44
16-Jan-04,35.07
20-Jan-04,36.2
21-Jan-04,34.58
22-Jan-04,34.93
23-Jan-04,34.94
26-Jan-04,34.47
27-Jan-04,34.12
28-Jan-04,33.62
29-Jan-04,32.81
30-Jan-04,33.05
2-Feb-04,34.98
3-Feb-04,34.1
4-Feb-04,33.1
5-Feb-04,33.08
6-Feb-04,32.48
9-Feb-04,32.83
10-Feb-04,33.87
11-Feb-04,34
12-Feb-04,33.98
13-Feb-04,34.56
17-Feb-04,35.19
18-Feb-04,35.45
19-Feb-04,36
20-Feb-04,35.6
23-Feb-04,34.35
24-Feb-04,34.58
25-Feb-04,35.68
26-Feb-04,35.51
27-Feb-04,36.16
1-Mar-04,36.86
2-Mar-04,36.66
3-Mar-04,35.8
4-Mar-04,36.64
5-Mar-04,37.26
8-Mar-04,36.57
9-Mar-04,36.28
10-Mar-04,36.1
11-Mar-04,36.78
12-Mar-04,36.19
15-Mar-04,37.44
16-Mar-04,37.48
17-Mar-04,38.18
18-Mar-04,37.93
19-Mar-04,38.08
22-Mar-04,37.11
23-Mar-04,37.45
24-Mar-04,37.01
25-Mar-04,35.51
26-Mar-04,35.73
29-Mar-04,35.45
30-Mar-04,36.25
31-Mar-04,35.76
1-Apr-04,34.27
2-Apr-04,34.39
5-Apr-04,34.38
6-Apr-04,34.97
7-Apr-04,36.15
8-Apr-04,37.14
12-Apr-04,37.84
13-Apr-04,37.21
14-Apr-04,36.72
15-Apr-04,37.57
16-Apr-04,37.74
19-Apr-04,37.42
20-Apr-04,37.6
21-Apr-04,35.73
22-Apr-04,36.71
23-Apr-04,36.46
26-Apr-04,36.97
27-Apr-04,37.53
28-Apr-04,37.46
29-Apr-04,37.31
30-Apr-04,37.38
3-May-04,38.21
4-May-04,38.98
5-May-04,39.57
6-May-04,39.37
7-May-04,39.93
10-May-04,38.93
11-May-04,40.06
12-May-04,40.77
13-May-04,41.08
14-May-04,41.38
17-May-04,41.55
18-May-04,40.54
19-May-04,41.5
20-May-04,40.92
21-May-04,39.93
24-May-04,41.72
25-May-04,41.14
26-May-04,40.7
27-May-04,39.44
28-May-04,39.88
1-Jun-04,42.33
2-Jun-04,39.96
3-Jun-04,39.28
4-Jun-04,38.49
7-Jun-04,38.66
8-Jun-04,37.28
9-Jun-04,37.54
10-Jun-04,38.45
14-Jun-04,37.59
15-Jun-04,37.19
16-Jun-04,37.32
17-Jun-04,38.46
18-Jun-04,38.75
21-Jun-04,37.63
22-Jun-04,38.11
23-Jun-04,37.57
24-Jun-04,37.93
25-Jun-04,37.55
28-Jun-04,36.24
29-Jun-04,35.66
30-Jun-04,37.05
1-Jul-04,38.74
2-Jul-04,38.39
6-Jul-04,39.65
7-Jul-04,39.08
8-Jul-04,40.33
9-Jul-04,39.96
12-Jul-04,39.5
13-Jul-04,39.44
14-Jul-04,40.97
15-Jul-04,40.77
16-Jul-04,41.25
19-Jul-04,41.64
20-Jul-04,40.86
21-Jul-04,40.58
22-Jul-04,41.36
23-Jul-04,41.71
26-Jul-04,41.44
27-Jul-04,41.84
28-Jul-04,42.9
29-Jul-04,42.75
30-Jul-04,43.8
2-Aug-04,43.82
3-Aug-04,44.15
4-Aug-04,42.83
5-Aug-04,44.41
6-Aug-04,43.95
9-Aug-04,44.84
10-Aug-04,44.52
11-Aug-04,44.8
12-Aug-04,45.5
13-Aug-04,46.58
16-Aug-04,46.05
17-Aug-04,46.75
18-Aug-04,47.27
19-Aug-04,48.7
20-Aug-04,47.86
23-Aug-04,46.05
24-Aug-04,45.21
25-Aug-04,43.47
26-Aug-04,43.1
27-Aug-04,43.18
30-Aug-04,42.28
31-Aug-04,42.12
1-Sep-04,44
2-Sep-04,44.06
3-Sep-04,43.99
7-Sep-04,43.31
8-Sep-04,42.77
9-Sep-04,44.61
10-Sep-04,42.81
13-Sep-04,43.87
14-Sep-04,44.39
15-Sep-04,43.58
16-Sep-04,43.88
17-Sep-04,45.59
20-Sep-04,46.35
21-Sep-04,47.1
22-Sep-04,48.35
23-Sep-04,48.46
24-Sep-04,48.88
27-Sep-04,49.64
28-Sep-04,49.9
29-Sep-04,49.51
30-Sep-04,49.64
1-Oct-04,50.12
4-Oct-04,49.91
5-Oct-04,51.09
6-Oct-04,52.02
7-Oct-04,52.67
8-Oct-04,53.31
11-Oct-04,53.64
12-Oct-04,52.51
13-Oct-04,53.64
14-Oct-04,54.76
15-Oct-04,54.93
18-Oct-04,53.67
19-Oct-04,53.29
20-Oct-04,54.92
21-Oct-04,54.47
22-Oct-04,55.17
25-Oct-04,54.54
26-Oct-04,55.17
27-Oct-04,52.46
28-Oct-04,50.92
29-Oct-04,51.76
1-Nov-04,50.13
2-Nov-04,49.62
3-Nov-04,50.88
4-Nov-04,48.82
5-Nov-04,49.61
8-Nov-04,49.09
9-Nov-04,47.37
10-Nov-04,48.86
11-Nov-04,47.42
12-Nov-04,47.32
15-Nov-04,46.87
16-Nov-04,46.11
17-Nov-04,46.84
18-Nov-04,46.22
19-Nov-04,48.44
22-Nov-04,48.64
23-Nov-04,48.94
24-Nov-04,49.44
29-Nov-04,49.76
30-Nov-04,49.13
1-Dec-04,45.49
2-Dec-04,43.25
3-Dec-04,42.54
6-Dec-04,42.98
7-Dec-04,41.46
8-Dec-04,41.94
9-Dec-04,42.53
10-Dec-04,40.71
13-Dec-04,41.01
14-Dec-04,41.82
15-Dec-04,44.19
16-Dec-04,44.18
17-Dec-04,46.28
20-Dec-04,45.64
21-Dec-04,45.76
22-Dec-04,44.24
23-Dec-04,44.18
27-Dec-04,41.32
28-Dec-04,41.77
29-Dec-04,43.64
30-Dec-04,43.45
3-Jan-05,42.12
4-Jan-05,43.91
5-Jan-05,43.39
6-Jan-05,45.56
7-Jan-05,45.43
10-Jan-05,45.33
11-Jan-05,45.68
12-Jan-05,46.37
13-Jan-05,48.04
14-Jan-05,48.38
18-Jan-05,48.38
19-Jan-05,47.55
20-Jan-05,46.91
21-Jan-05,48.53
24-Jan-05,48.81
25-Jan-05,49.64
26-Jan-05,48.78
27-Jan-05,48.84
28-Jan-05,47.18
31-Jan-05,48.2
1-Feb-05,47.12
2-Feb-05,46.69
3-Feb-05,46.45
4-Feb-05,46.48
7-Feb-05,45.28
8-Feb-05,45.4
9-Feb-05,45.46
10-Feb-05,47.1
11-Feb-05,47.16
14-Feb-05,47.44
15-Feb-05,47.26
16-Feb-05,48.33
17-Feb-05,47.54
18-Feb-05,48.35
22-Feb-05,51.15
23-Feb-05,51.17
24-Feb-05,51.39
25-Feb-05,51.49
28-Feb-05,51.75
1-Mar-05,51.68
2-Mar-05,53.05
3-Mar-05,53.57
4-Mar-05,53.78
7-Mar-05,53.89
8-Mar-05,54.59
9-Mar-05,54.77
10-Mar-05,53.54
11-Mar-05,54.43
14-Mar-05,54.95
15-Mar-05,55.05
16-Mar-05,56.46
17-Mar-05,56.4
18-Mar-05,56.72
21-Mar-05,56.62
22-Mar-05,56.03
23-Mar-05,53.81
24-Mar-05,54.84
28-Mar-05,54.05
29-Mar-05,54.23
30-Mar-05,53.99
31-Mar-05,55.4
1-Apr-05,57.27
4-Apr-05,57.01
5-Apr-05,56.04
6-Apr-05,55.85
7-Apr-05,54.11
8-Apr-05,53.32
11-Apr-05,53.71
12-Apr-05,51.86
13-Apr-05,50.22
14-Apr-05,51.13
15-Apr-05,50.49
18-Apr-05,50.37
19-Apr-05,52.29
20-Apr-05,52.44
21-Apr-05,54.2
22-Apr-05,55.39
25-Apr-05,54.57
26-Apr-05,54.2
27-Apr-05,51.61
28-Apr-05,51.77
29-Apr-05,49.72
2-May-05,50.92
3-May-05,49.5
4-May-05,50.13
5-May-05,50.83
6-May-05,50.96
9-May-05,52.03
10-May-05,52.07
11-May-05,50.45
12-May-05,48.54
13-May-05,48.67
16-May-05,48.61
17-May-05,48.97
18-May-05,47.25
19-May-05,46.92
20-May-05,46.8
23-May-05,49.16
24-May-05,49.67
25-May-05,50.98
26-May-05,51.01
27-May-05,51.85
31-May-05,51.97
1-Jun-05,54.6
2-Jun-05,53.63
3-Jun-05,55.03
6-Jun-05,54.49
7-Jun-05,53.76
8-Jun-05,52.54
9-Jun-05,54.28
10-Jun-05,53.54
13-Jun-05,55.62
14-Jun-05,55
15-Jun-05,55.57
16-Jun-05,56.58
17-Jun-05,58.47
20-Jun-05,59.37
21-Jun-05,58.9
22-Jun-05,58.09
23-Jun-05,59.42
24-Jun-05,59.84
27-Jun-05,60.54
28-Jun-05,58.2
29-Jun-05,57.26
30-Jun-05,56.5
1-Jul-05,58.75
5-Jul-05,59.59
6-Jul-05,61.28
7-Jul-05,60.73
8-Jul-05,59.63
11-Jul-05,58.92
12-Jul-05,60.62
13-Jul-05,60.01
14-Jul-05,57.8
15-Jul-05,58.09
18-Jul-05,57.32
19-Jul-05,57.46
20-Jul-05,56.72
21-Jul-05,57.13
22-Jul-05,58.65
25-Jul-05,59
26-Jul-05,59.2
27-Jul-05,59.11
28-Jul-05,59.94
29-Jul-05,60.57
1-Aug-05,61.57
2-Aug-05,61.89
3-Aug-05,60.86
4-Aug-05,61.38
5-Aug-05,62.31
8-Aug-05,63.94
9-Aug-05,63.07
10-Aug-05,64.9
11-Aug-05,65.8
12-Aug-05,66.86
15-Aug-05,66.27
16-Aug-05,66.08
17-Aug-05,63.25
18-Aug-05,63.27
19-Aug-05,65.35
22-Aug-05,65.45
23-Aug-05,65.71
24-Aug-05,67.32
25-Aug-05,67.49
26-Aug-05,66.13
29-Aug-05,67.2
30-Aug-05,69.81
31-Aug-05,68.94
1-Sep-05,69.47
2-Sep-05,67.57
6-Sep-05,65.96
7-Sep-05,64.37
8-Sep-05,64.49
9-Sep-05,64.08
12-Sep-05,63.34
13-Sep-05,63.11
14-Sep-05,65.09
15-Sep-05,64.75
16-Sep-05,63
19-Sep-05,67.39
20-Sep-05,66.23
21-Sep-05,66.8
22-Sep-05,66.5
23-Sep-05,64.19
26-Sep-05,65.82
27-Sep-05,65.07
28-Sep-05,66.35
29-Sep-05,66.79
30-Sep-05,66.24
3-Oct-05,65.47
4-Oct-05,63.9
5-Oct-05,62.79
6-Oct-05,61.36
7-Oct-05,61.84
10-Oct-05,61.8
11-Oct-05,63.53
12-Oct-05,64.12
13-Oct-05,63.08
14-Oct-05,62.63
17-Oct-05,64.36
18-Oct-05,63.2
19-Oct-05,62.41
20-Oct-05,61.03
21-Oct-05,60.63
24-Oct-05,60.32
25-Oct-05,62.44
26-Oct-05,60.66
27-Oct-05,61.09
28-Oct-05,61.22
31-Oct-05,59.76
1-Nov-05,59.85
2-Nov-05,59.75
3-Nov-05,61.78
4-Nov-05,60.58
7-Nov-05,59.47
8-Nov-05,59.71
9-Nov-05,58.93
10-Nov-05,57.8
11-Nov-05,57.53
14-Nov-05,57.69
15-Nov-05,56.98
16-Nov-05,57.88
17-Nov-05,56.34
18-Nov-05,56.14
21-Nov-05,57.7
22-Nov-05,58.84
23-Nov-05,58.71
28-Nov-05,57.36
29-Nov-05,56.5
30-Nov-05,57.32
1-Dec-05,58.47
2-Dec-05,59.32
5-Dec-05,59.91
6-Dec-05,59.94
7-Dec-05,59.21
8-Dec-05,60.66
9-Dec-05,59.39
12-Dec-05,61.3
13-Dec-05,61.37
14-Dec-05,60.85
15-Dec-05,59.99
16-Dec-05,58.06
19-Dec-05,57.34
20-Dec-05,57.98
21-Dec-05,58.56
22-Dec-05,58.28
23-Dec-05,58.43
27-Dec-05,58.16
28-Dec-05,59.82
29-Dec-05,60.32
30-Dec-05,61.04
3-Jan-06,63.14
4-Jan-06,63.42
5-Jan-06,62.79
6-Jan-06,64.21
9-Jan-06,63.5
10-Jan-06,63.37
11-Jan-06,63.94
12-Jan-06,63.94
13-Jan-06,63.92
17-Jan-06,66.31
18-Jan-06,65.73
19-Jan-06,66.83
20-Jan-06,68.35
23-Jan-06,68.1
24-Jan-06,67.06
25-Jan-06,65.85
26-Jan-06,66.26
27-Jan-06,67.76
30-Jan-06,68.35
31-Jan-06,67.92
1-Feb-06,66.56
2-Feb-06,64.68
3-Feb-06,65.37
6-Feb-06,65.11
7-Feb-06,63.09
8-Feb-06,62.55
9-Feb-06,62.62
10-Feb-06,61.84
13-Feb-06,61.24
14-Feb-06,59.57
15-Feb-06,57.65
16-Feb-06,58.46
17-Feb-06,59.88
21-Feb-06,61.1
22-Feb-06,61.01
23-Feb-06,60.54
24-Feb-06,62.91
27-Feb-06,61
28-Feb-06,61.41
1-Mar-06,61.97
2-Mar-06,63.36
3-Mar-06,63.67
6-Mar-06,62.41
7-Mar-06,61.58
8-Mar-06,60.02
9-Mar-06,60.47
10-Mar-06,59.96
13-Mar-06,61.77
14-Mar-06,63.1
15-Mar-06,62.17
16-Mar-06,63.58
17-Mar-06,62.77
20-Mar-06,60.42
21-Mar-06,60.57
22-Mar-06,61.77
23-Mar-06,63.91
24-Mar-06,64.26
27-Mar-06,64.16
28-Mar-06,66.07
29-Mar-06,66.45
30-Mar-06,67.15
31-Mar-06,66.63
3-Apr-06,66.74
4-Apr-06,66.23
5-Apr-06,67.07
6-Apr-06,67.94
7-Apr-06,67.39
10-Apr-06,68.74
11-Apr-06,68.98
12-Apr-06,68.62
13-Apr-06,69.32
17-Apr-06,70.4
18-Apr-06,71.35
19-Apr-06,72.17
20-Apr-06,71.95
21-Apr-06,75.17
24-Apr-06,73.33
25-Apr-06,72.88
26-Apr-06,71.93
27-Apr-06,70.97
28-Apr-06,71.88
1-May-06,73.7
2-May-06,74.61
3-May-06,72.28
4-May-06,69.94
5-May-06,70.19
8-May-06,69.77
9-May-06,70.69
10-May-06,72.13
11-May-06,73.32
12-May-06,72.04
15-May-06,69.41
16-May-06,69.53
17-May-06,68.69
18-May-06,69.45
19-May-06,68.53
22-May-06,69.23
23-May-06,71.76
24-May-06,69.86
25-May-06,71.32
26-May-06,71.37
30-May-06,72.03
31-May-06,71.29
1-Jun-06,70.34
2-Jun-06,72.33
5-Jun-06,72.6
6-Jun-06,72.5
7-Jun-06,70.82
8-Jun-06,70.35
9-Jun-06,71.63
12-Jun-06,70.36
13-Jun-06,68.56
14-Jun-06,69.14
15-Jun-06,69.5
16-Jun-06,69.88
19-Jun-06,68.98
20-Jun-06,68.94
21-Jun-06,70.33
22-Jun-06,70.84
23-Jun-06,70.87
26-Jun-06,71.8
27-Jun-06,71.92
28-Jun-06,72.19
29-Jun-06,73.52
30-Jun-06,73.93
3-Jul-06,73.93
5-Jul-06,75.19
6-Jul-06,75.14
7-Jul-06,74.09
10-Jul-06,73.61
11-Jul-06,74.16
12-Jul-06,74.95
13-Jul-06,76.7
14-Jul-06,77.03
17-Jul-06,75.3
18-Jul-06,73.54
19-Jul-06,72.66
20-Jul-06,73.08
21-Jul-06,74.43
24-Jul-06,75.05
25-Jul-06,73.75
26-Jul-06,73.94
27-Jul-06,74.54
28-Jul-06,73.24
31-Jul-06,74.4
1-Aug-06,74.91
2-Aug-06,75.81
3-Aug-06,75.46
4-Aug-06,74.76
7-Aug-06,76.98
8-Aug-06,76.31
9-Aug-06,76.35
10-Aug-06,74
11-Aug-06,74.35
14-Aug-06,73.53
15-Aug-06,73.05
16-Aug-06,71.89
17-Aug-06,70.06
18-Aug-06,71.14
21-Aug-06,72.45
22-Aug-06,72.63
23-Aug-06,71.76
24-Aug-06,72.36
25-Aug-06,72.51
28-Aug-06,70.61
29-Aug-06,69.71
30-Aug-06,70.03
31-Aug-06,70.26
1-Sep-06,69.19
5-Sep-06,68.6
6-Sep-06,67.5
7-Sep-06,67.32
8-Sep-06,66.25
11-Sep-06,65.61
12-Sep-06,63.76
13-Sep-06,63.97
14-Sep-06,63.22
15-Sep-06,63.33
18-Sep-06,63.8
19-Sep-06,61.66
20-Sep-06,60.46
21-Sep-06,61.59
22-Sep-06,60.55
25-Sep-06,61.45
26-Sep-06,61.01
27-Sep-06,62.96
28-Sep-06,62.76
29-Sep-06,62.91
2-Oct-06,61.03
3-Oct-06,58.68
4-Oct-06,59.41
5-Oct-06,60.03
6-Oct-06,59.76
9-Oct-06,59.96
10-Oct-06,58.52
11-Oct-06,57.59
12-Oct-06,57.86
13-Oct-06,58.57
16-Oct-06,59.94
17-Oct-06,58.93
18-Oct-06,57.65
19-Oct-06,58.5
20-Oct-06,56.82
23-Oct-06,58.81
24-Oct-06,59.35
25-Oct-06,61.4
26-Oct-06,60.36
27-Oct-06,60.75
30-Oct-06,58.36
31-Oct-06,58.73
1-Nov-06,58.71
2-Nov-06,57.88
3-Nov-06,59.14
6-Nov-06,60.02
7-Nov-06,58.93
8-Nov-06,59.83
9-Nov-06,61.16
10-Nov-06,59.59
13-Nov-06,58.58
14-Nov-06,58.28
15-Nov-06,58.76
16-Nov-06,56.26
17-Nov-06,55.81
20-Nov-06,58.8
21-Nov-06,60.17
22-Nov-06,59.24
24-Nov-06,59.24
27-Nov-06,60.32
28-Nov-06,60.99
29-Nov-06,62.46
30-Nov-06,63.13
1-Dec-06,63.43
4-Dec-06,62.44
5-Dec-06,62.43
6-Dec-06,62.19
7-Dec-06,62.49
8-Dec-06,62.03
11-Dec-06,61.22
12-Dec-06,61.02
13-Dec-06,61.37
14-Dec-06,62.51
15-Dec-06,63.43
18-Dec-06,62.21
19-Dec-06,63.15
20-Dec-06,63.72
21-Dec-06,62.66
22-Dec-06,62.41
26-Dec-06,61.1
27-Dec-06,60.34
28-Dec-06,60.53
29-Dec-06,61.05
2-Jan-07,61.05
3-Jan-07,58.32
4-Jan-07,55.59
5-Jan-07,56.31
8-Jan-07,56.09
9-Jan-07,55.64
10-Jan-07,54.02
11-Jan-07,51.88
12-Jan-07,52.99
16-Jan-07,51.21
17-Jan-07,52.24
18-Jan-07,50.48
19-Jan-07,51.99
22-Jan-07,51.13
23-Jan-07,55.04
24-Jan-07,55.37
25-Jan-07,54.23
26-Jan-07,55.42
29-Jan-07,54.01
30-Jan-07,56.97
31-Jan-07,58.14
1-Feb-07,57.3
2-Feb-07,59.02
5-Feb-07,58.74
6-Feb-07,58.88
7-Feb-07,57.71
8-Feb-07,59.71
9-Feb-07,59.89
12-Feb-07,57.81
13-Feb-07,59.06
14-Feb-07,58
15-Feb-07,57.99
16-Feb-07,59.39
20-Feb-07,58.07
21-Feb-07,60.07
22-Feb-07,60.95
23-Feb-07,61.14
26-Feb-07,61.39
27-Feb-07,61.46
28-Feb-07,61.79
1-Mar-07,62
2-Mar-07,61.64
5-Mar-07,60.07
6-Mar-07,60.69
7-Mar-07,61.82
8-Mar-07,61.64
9-Mar-07,60.05
12-Mar-07,58.91
13-Mar-07,57.93
14-Mar-07,58.16
15-Mar-07,57.55
16-Mar-07,57.11
19-Mar-07,56.59
20-Mar-07,56.73
21-Mar-07,59.61
22-Mar-07,61.69
23-Mar-07,62.28
26-Mar-07,62.91
27-Mar-07,62.93
28-Mar-07,64.08
29-Mar-07,66.03
30-Mar-07,65.87
2-Apr-07,65.94
3-Apr-07,64.64
4-Apr-07,64.38
5-Apr-07,64.28
9-Apr-07,61.51
10-Apr-07,61.89
11-Apr-07,62.01
12-Apr-07,63.85
13-Apr-07,63.63
16-Apr-07,63.61
17-Apr-07,63.1
18-Apr-07,63.13
19-Apr-07,61.83
20-Apr-07,63.38
23-Apr-07,65.89
24-Apr-07,64.58
25-Apr-07,65.84
26-Apr-07,65.06
27-Apr-07,66.46
30-Apr-07,65.71
1-May-07,64.4
2-May-07,63.68
3-May-07,63.19
4-May-07,61.93
7-May-07,61.47
8-May-07,62.26
9-May-07,61.55
10-May-07,61.81
11-May-07,62.37
14-May-07,62.46
15-May-07,63.17
16-May-07,62.55
17-May-07,64.86
18-May-07,64.94
21-May-07,66.27
22-May-07,64.97
23-May-07,65.77
24-May-07,64.18
25-May-07,65.2
29-May-07,63.15
30-May-07,63.49
31-May-07,64.01
1-Jun-07,65.08
4-Jun-07,66.21
5-Jun-07,65.61
6-Jun-07,65.96
7-Jun-07,66.93
8-Jun-07,64.76
11-Jun-07,65.97
12-Jun-07,65.35
13-Jun-07,66.26
14-Jun-07,67.65
15-Jun-07,68
18-Jun-07,69.09
19-Jun-07,69.1
20-Jun-07,68.19
21-Jun-07,68.65
22-Jun-07,69.14
25-Jun-07,69.18
26-Jun-07,67.77
27-Jun-07,68.97
28-Jun-07,69.57
29-Jun-07,70.68
2-Jul-07,71.09
3-Jul-07,71.41
5-Jul-07,71.81
6-Jul-07,72.81
9-Jul-07,72.19
10-Jul-07,72.81
11-Jul-07,72.56
12-Jul-07,72.5
13-Jul-07,73.93
16-Jul-07,74.15
17-Jul-07,74.02
18-Jul-07,75.05
19-Jul-07,75.92
20-Jul-07,75.57
23-Jul-07,74.89
24-Jul-07,73.56
25-Jul-07,75.88
26-Jul-07,74.95
27-Jul-07,77.02
30-Jul-07,76.83
31-Jul-07,78.21
1-Aug-07,76.53
2-Aug-07,76.86
3-Aug-07,75.48
6-Aug-07,72.06
7-Aug-07,72.42
8-Aug-07,72.15
9-Aug-07,71.59
10-Aug-07,71.47
13-Aug-07,71.62
14-Aug-07,72.38
15-Aug-07,73.33
16-Aug-07,71
17-Aug-07,71.98
20-Aug-07,71.12
21-Aug-07,69.47
22-Aug-07,69.26
23-Aug-07,69.83
24-Aug-07,71.09
27-Aug-07,71.97
28-Aug-07,71.73
29-Aug-07,73.51
30-Aug-07,73.36
31-Aug-07,74.04
4-Sep-07,75.08
5-Sep-07,75.73
6-Sep-07,76.3
7-Sep-07,76.7
10-Sep-07,77.49
11-Sep-07,78.23
12-Sep-07,79.91
13-Sep-07,80.09
14-Sep-07,79.1
17-Sep-07,80.57
18-Sep-07,81.51
19-Sep-07,81.93
20-Sep-07,83.32
21-Sep-07,81.62
24-Sep-07,80.95
25-Sep-07,79.53
26-Sep-07,80.3
27-Sep-07,82.88
28-Sep-07,81.66
1-Oct-07,80.24
2-Oct-07,80.05
3-Oct-07,79.94
4-Oct-07,81.44
5-Oct-07,81.22
8-Oct-07,79.02
9-Oct-07,80.26
10-Oct-07,81.3
11-Oct-07,83.08
12-Oct-07,83.69
15-Oct-07,86.13
16-Oct-07,87.61
17-Oct-07,87.4
18-Oct-07,89.47
19-Oct-07,88.6
22-Oct-07,87.56
23-Oct-07,85.27
24-Oct-07,87.1
25-Oct-07,90.46
26-Oct-07,91.86
29-Oct-07,93.53
30-Oct-07,90.38
31-Oct-07,94.53
1-Nov-07,93.49
2-Nov-07,95.93
5-Nov-07,93.98
6-Nov-07,96.7
7-Nov-07,96.37
8-Nov-07,95.46
9-Nov-07,96.32
12-Nov-07,94.62
13-Nov-07,91.17
14-Nov-07,94.09
15-Nov-07,93.43
16-Nov-07,95.1
19-Nov-07,94.64
20-Nov-07,98.03
21-Nov-07,97.29
23-Nov-07,98.18
26-Nov-07,97.7
27-Nov-07,94.42
28-Nov-07,90.62
29-Nov-07,91.01
30-Nov-07,88.71
3-Dec-07,89.31
4-Dec-07,88.32
5-Dec-07,87.49
6-Dec-07,90.23
7-Dec-07,88.28
10-Dec-07,87.86
11-Dec-07,90.02
12-Dec-07,94.39
13-Dec-07,92.25
14-Dec-07,91.27
17-Dec-07,90.63
18-Dec-07,90.49
19-Dec-07,91.24
20-Dec-07,91.06
21-Dec-07,93.31
24-Dec-07,94.13
26-Dec-07,95.97
27-Dec-07,96.62
28-Dec-07,96
31-Dec-07,95.98
2-Jan-08,99.62
3-Jan-08,99.18
4-Jan-08,97.91
7-Jan-08,95.09
8-Jan-08,96.33
9-Jan-08,95.67
10-Jan-08,93.71
11-Jan-08,92.69
14-Jan-08,94.2
15-Jan-08,91.9
16-Jan-08,90.84
17-Jan-08,90.13
18-Jan-08,90.57
22-Jan-08,89.85
23-Jan-08,86.99
24-Jan-08,89.41
25-Jan-08,90.71
28-Jan-08,90.99
29-Jan-08,91.64
30-Jan-08,92.33
31-Jan-08,91.75
1-Feb-08,88.96
4-Feb-08,90.02
5-Feb-08,88.41
6-Feb-08,87.14
7-Feb-08,88.11
8-Feb-08,91.77
11-Feb-08,93.59
12-Feb-08,92.78
13-Feb-08,93.27
14-Feb-08,95.46
15-Feb-08,95.5
19-Feb-08,100.01
20-Feb-08,100.74
21-Feb-08,98.23
22-Feb-08,98.81
25-Feb-08,99.23
26-Feb-08,100.88
27-Feb-08,99.64
28-Feb-08,102.59
29-Feb-08,101.84
3-Mar-08,102.45
4-Mar-08,99.52
5-Mar-08,104.52
6-Mar-08,105.47
7-Mar-08,105.15
10-Mar-08,107.9
11-Mar-08,108.75
12-Mar-08,109.92
13-Mar-08,110.33
14-Mar-08,110.21
17-Mar-08,105.68
18-Mar-08,109.42
19-Mar-08,104.48
20-Mar-08,101.84
24-Mar-08,100.86
25-Mar-08,101.22
26-Mar-08,105.9
27-Mar-08,107.58
28-Mar-08,105.62
31-Mar-08,101.58
1-Apr-08,100.98
2-Apr-08,104.83
3-Apr-08,103.83
4-Apr-08,106.23
7-Apr-08,109.09
8-Apr-08,108.5
9-Apr-08,110.87
10-Apr-08,110.11
11-Apr-08,110.14
14-Apr-08,111.76
15-Apr-08,113.79
16-Apr-08,114.93
17-Apr-08,114.86
18-Apr-08,116.69
21-Apr-08,117.48
22-Apr-08,119.37
23-Apr-08,118.3
24-Apr-08,116.06
25-Apr-08,118.52
28-Apr-08,118.75
29-Apr-08,115.63
30-Apr-08,113.46
1-May-08,112.52
2-May-08,116.32
5-May-08,119.97
6-May-08,121.84
7-May-08,123.53
8-May-08,123.69
9-May-08,125.96
12-May-08,124.23
13-May-08,125.8
14-May-08,124.22
15-May-08,124.12
16-May-08,126.29
19-May-08,127.05
20-May-08,129.07
21-May-08,133.17
22-May-08,130.81
23-May-08,132.19
27-May-08,128.85
28-May-08,131.03
29-May-08,126.62
30-May-08,127.35
2-Jun-08,127.76
3-Jun-08,124.31
4-Jun-08,122.3
5-Jun-08,127.79
6-Jun-08,138.54
9-Jun-08,134.35
10-Jun-08,131.31
11-Jun-08,136.38
12-Jun-08,136.74
13-Jun-08,134.86
16-Jun-08,134.61
17-Jun-08,134.01
18-Jun-08,136.68
19-Jun-08,131.93
20-Jun-08,134.62
23-Jun-08,136.74
24-Jun-08,137
25-Jun-08,134.55
26-Jun-08,139.64
27-Jun-08,140.21
30-Jun-08,140
1-Jul-08,140.97
2-Jul-08,143.57
3-Jul-08,145.29
7-Jul-08,141.37
8-Jul-08,136.04
9-Jul-08,136.05
10-Jul-08,141.65
11-Jul-08,145.08
14-Jul-08,145.18
15-Jul-08,138.74
16-Jul-08,134.6
17-Jul-08,129.29
18-Jul-08,128.88
21-Jul-08,131.04
22-Jul-08,127.95
23-Jul-08,124.44
24-Jul-08,125.49
25-Jul-08,123.26
28-Jul-08,124.73
29-Jul-08,122.19
30-Jul-08,126.77
31-Jul-08,124.08
1-Aug-08,125.1
4-Aug-08,121.41
5-Aug-08,119.17
6-Aug-08,118.58
7-Aug-08,120.02
8-Aug-08,115.2
11-Aug-08,114.45
12-Aug-08,113.01
13-Aug-08,116
14-Aug-08,115.01
15-Aug-08,113.77
18-Aug-08,112.87
19-Aug-08,114.53
20-Aug-08,114.98
21-Aug-08,121.18
22-Aug-08,114.59
25-Aug-08,115.11
26-Aug-08,116.27
27-Aug-08,118.15
28-Aug-08,115.59
29-Aug-08,115.46
2-Sep-08,109.71
3-Sep-08,109.35
4-Sep-08,107.89
5-Sep-08,106.23
8-Sep-08,106.34
9-Sep-08,103.26
10-Sep-08,102.58
11-Sep-08,100.87
12-Sep-08,101.18
15-Sep-08,95.71
16-Sep-08,91.15
17-Sep-08,97.16
18-Sep-08,97.88
19-Sep-08,104.55
22-Sep-08,120.92
23-Sep-08,106.61
24-Sep-08,105.73
25-Sep-08,108.02
26-Sep-08,106.89
29-Sep-08,96.37
30-Sep-08,100.64
1-Oct-08,98.53
2-Oct-08,93.97
3-Oct-08,93.88
6-Oct-08,87.81
7-Oct-08,90.06
8-Oct-08,88.95
9-Oct-08,86.59
10-Oct-08,77.7
13-Oct-08,81.19
14-Oct-08,78.63
15-Oct-08,74.54
16-Oct-08,69.85
17-Oct-08,71.85
20-Oct-08,74.25
21-Oct-08,70.89
22-Oct-08,66.75
23-Oct-08,67.84
24-Oct-08,64.15
27-Oct-08,63.22
28-Oct-08,62.73
29-Oct-08,67.5
30-Oct-08,65.96
31-Oct-08,67.81
3-Nov-08,63.91
4-Nov-08,70.53
5-Nov-08,65.3
6-Nov-08,60.77
7-Nov-08,61.04
10-Nov-08,62.41
11-Nov-08,59.33
12-Nov-08,56.16
13-Nov-08,58.24
14-Nov-08,57.04
17-Nov-08,54.95
18-Nov-08,54.39
19-Nov-08,53.62
20-Nov-08,49.62
21-Nov-08,49.93
24-Nov-08,54.5
25-Nov-08,50.77
26-Nov-08,54.44
28-Nov-08,54.43
1-Dec-08,49.28
2-Dec-08,46.96
3-Dec-08,46.79
4-Dec-08,43.67
5-Dec-08,40.81
8-Dec-08,43.71
9-Dec-08,42.07
10-Dec-08,43.52
11-Dec-08,47.98
12-Dec-08,46.28
15-Dec-08,44.51
16-Dec-08,43.6
17-Dec-08,40.06
18-Dec-08,36.22
19-Dec-08,33.87
22-Dec-08,39.91
23-Dec-08,38.98
24-Dec-08,35.35
26-Dec-08,37.71
29-Dec-08,40.02
30-Dec-08,39.03
31-Dec-08,44.6
2-Jan-09,46.34
5-Jan-09,48.81
6-Jan-09,48.58
7-Jan-09,42.63
8-Jan-09,41.7
9-Jan-09,40.83
12-Jan-09,37.59
13-Jan-09,37.78
14-Jan-09,37.28
15-Jan-09,35.4
16-Jan-09,36.51
20-Jan-09,38.74
21-Jan-09,43.55
22-Jan-09,43.67
23-Jan-09,46.47
26-Jan-09,45.73
27-Jan-09,41.58
28-Jan-09,42.16
29-Jan-09,41.44
30-Jan-09,41.68
2-Feb-09,40.08
3-Feb-09,40.78
4-Feb-09,40.32
5-Feb-09,41.17
6-Feb-09,40.17
9-Feb-09,39.56
10-Feb-09,37.55
11-Feb-09,35.94
12-Feb-09,33.98
13-Feb-09,37.51
17-Feb-09,34.93
18-Feb-09,34.62
19-Feb-09,39.48
20-Feb-09,38.94
23-Feb-09,38.44
24-Feb-09,39.96
25-Feb-09,42.5
26-Feb-09,45.22
27-Feb-09,44.76
2-Mar-09,40.15
3-Mar-09,41.65
4-Mar-09,45.38
5-Mar-09,43.61
6-Mar-09,45.52
9-Mar-09,47.07
10-Mar-09,45.71
11-Mar-09,42.33
12-Mar-09,47.03
13-Mar-09,46.25
16-Mar-09,47.35
17-Mar-09,49.16
18-Mar-09,48.14
19-Mar-09,51.61
20-Mar-09,51.06
23-Mar-09,53.8
24-Mar-09,53.98
25-Mar-09,52.77
26-Mar-09,54.34
27-Mar-09,52.38
30-Mar-09,48.41
31-Mar-09,49.66
1-Apr-09,48.39
2-Apr-09,52.64
3-Apr-09,52.51
6-Apr-09,51.05
7-Apr-09,49.15
8-Apr-09,49.38
9-Apr-09,52.24
13-Apr-09,50.05
14-Apr-09,49.41
15-Apr-09,49.25
16-Apr-09,49.98
17-Apr-09,50.33
20-Apr-09,45.88
21-Apr-09,46.51
22-Apr-09,48.85
23-Apr-09,49.62
24-Apr-09,51.55
27-Apr-09,50.14
28-Apr-09,49.92
29-Apr-09,50.97
30-Apr-09,51.12
1-May-09,53.2
4-May-09,54.47
5-May-09,53.84
6-May-09,56.34
7-May-09,56.71
8-May-09,58.63
11-May-09,58.5
12-May-09,58.85
13-May-09,58.02
14-May-09,58.62
15-May-09,56.34
18-May-09,59.03
19-May-09,59.65
20-May-09,62.04
21-May-09,61.05
22-May-09,61.67
26-May-09,62.45
27-May-09,63.45
28-May-09,65.08
29-May-09,66.31
1-Jun-09,68.58
2-Jun-09,68.55
3-Jun-09,66.12
4-Jun-09,68.81
5-Jun-09,68.44
8-Jun-09,68.09
9-Jun-09,70.01
10-Jun-09,71.33
11-Jun-09,72.68
12-Jun-09,72.04
15-Jun-09,70.62
16-Jun-09,70.47
17-Jun-09,71.03
18-Jun-09,71.37
19-Jun-09,69.55
22-Jun-09,66.93
23-Jun-09,69.24
24-Jun-09,68.67
25-Jun-09,70.23
26-Jun-09,69.16
29-Jun-09,71.49
30-Jun-09,69.89
1-Jul-09,69.31
2-Jul-09,66.73
6-Jul-09,64.05
7-Jul-09,62.93
8-Jul-09,60.14
9-Jul-09,60.41
10-Jul-09,59.89
13-Jul-09,59.69
14-Jul-09,59.52
15-Jul-09,61.54
16-Jul-09,62.02
17-Jul-09,63.56
20-Jul-09,63.98
21-Jul-09,64.72
22-Jul-09,65.4
23-Jul-09,67.16
24-Jul-09,68.05
27-Jul-09,68.38
28-Jul-09,67.23
29-Jul-09,63.35
30-Jul-09,66.94
31-Jul-09,69.45
3-Aug-09,71.58
4-Aug-09,71.42
5-Aug-09,71.97
6-Aug-09,71.94
7-Aug-09,70.93
10-Aug-09,70.6
11-Aug-09,69.45
12-Aug-09,70.16
13-Aug-09,70.52
14-Aug-09,67.51
17-Aug-09,66.75
18-Aug-09,69.19
19-Aug-09,72.42
20-Aug-09,72.54
21-Aug-09,73.89
24-Aug-09,74.37
25-Aug-09,72.05
26-Aug-09,71.43
27-Aug-09,72.49
28-Aug-09,72.74
31-Aug-09,69.96
1-Sep-09,68.05
2-Sep-09,68.05
3-Sep-09,67.96
4-Sep-09,68.02
8-Sep-09,71.1
9-Sep-09,71.31
10-Sep-09,71.94
11-Sep-09,69.29
14-Sep-09,68.86
15-Sep-09,70.93
16-Sep-09,72.51
17-Sep-09,72.47
18-Sep-09,72.04
21-Sep-09,69.71
22-Sep-09,71.55
23-Sep-09,68.97
24-Sep-09,65.89
25-Sep-09,66.02
28-Sep-09,66.84
29-Sep-09,66.71
30-Sep-09,70.61
1-Oct-09,70.82
2-Oct-09,69.95
5-Oct-09,70.41
6-Oct-09,70.88
7-Oct-09,69.57
8-Oct-09,71.69
9-Oct-09,71.77
12-Oct-09,73.27
13-Oct-09,74.15
14-Oct-09,75.18
15-Oct-09,77.58
16-Oct-09,78.53
19-Oct-09,79.61
20-Oct-09,79.09
21-Oct-09,81.37
22-Oct-09,81.19
23-Oct-09,80.5
26-Oct-09,78.68
27-Oct-09,79.55
28-Oct-09,77.46
29-Oct-09,79.87
30-Oct-09,77
2-Nov-09,78.13
3-Nov-09,79.6
4-Nov-09,80.4
5-Nov-09,79.62
6-Nov-09,77.43
9-Nov-09,79.43
10-Nov-09,79.05
11-Nov-09,79.28
12-Nov-09,76.94
13-Nov-09,76.35
16-Nov-09,78.9
17-Nov-09,79.14
18-Nov-09,79.58
19-Nov-09,77.46
20-Nov-09,76.72
23-Nov-09,77.56
24-Nov-09,76.02
25-Nov-09,77.96
27-Nov-09,76.05
30-Nov-09,77.28
1-Dec-09,78.37
2-Dec-09,76.6
3-Dec-09,76.46
4-Dec-09,75.47
7-Dec-09,73.93
8-Dec-09,72.62
9-Dec-09,70.67
10-Dec-09,70.54
11-Dec-09,69.87
14-Dec-09,69.51
15-Dec-09,70.69
16-Dec-09,72.66
17-Dec-09,72.65
18-Dec-09,73.36
21-Dec-09,72.47
22-Dec-09,74.4
23-Dec-09,76.67
24-Dec-09,78.05
28-Dec-09,78.77
29-Dec-09,78.87
30-Dec-09,79.28
31-Dec-09,79.36
4-Jan-10,81.51
5-Jan-10,81.77
6-Jan-10,83.18
7-Jan-10,82.66
8-Jan-10,82.75
11-Jan-10,82.52
12-Jan-10,80.79
13-Jan-10,79.65
14-Jan-10,79.39
15-Jan-10,78
19-Jan-10,79.02
20-Jan-10,77.62
21-Jan-10,76.08
22-Jan-10,74.54
25-Jan-10,75.26
26-Jan-10,74.71
27-Jan-10,73.67
28-Jan-10,73.64
29-Jan-10,72.89
1-Feb-10,74.43
2-Feb-10,77.23
3-Feb-10,76.98
4-Feb-10,73.14
5-Feb-10,71.19
8-Feb-10,71.89
9-Feb-10,73.75
10-Feb-10,74.52
11-Feb-10,75.28
12-Feb-10,74.13
16-Feb-10,77.01
17-Feb-10,77.33
18-Feb-10,79.06
19-Feb-10,79.81
22-Feb-10,80.16
23-Feb-10,78.86
24-Feb-10,80
25-Feb-10,78.17
26-Feb-10,79.66
1-Mar-10,78.7
2-Mar-10,79.68
3-Mar-10,80.87
4-Mar-10,80.21
5-Mar-10,81.5
8-Mar-10,81.87
9-Mar-10,81.49
10-Mar-10,82.09
11-Mar-10,82.11
12-Mar-10,81.24
15-Mar-10,79.8
16-Mar-10,81.7
17-Mar-10,82.93
18-Mar-10,82.2
19-Mar-10,80.68
22-Mar-10,81.25
23-Mar-10,81.91
24-Mar-10,80.61
25-Mar-10,80.53
26-Mar-10,80
29-Mar-10,82.17
30-Mar-10,82.37
31-Mar-10,83.76
1-Apr-10,84.87
5-Apr-10,86.62
6-Apr-10,86.84
7-Apr-10,85.88
8-Apr-10,85.39
9-Apr-10,84.92
12-Apr-10,84.34
13-Apr-10,84.05
14-Apr-10,85.84
15-Apr-10,85.51
16-Apr-10,83.24
19-Apr-10,81.45
20-Apr-10,83.45
21-Apr-10,83.68
22-Apr-10,83.7
23-Apr-10,85.12
26-Apr-10,84.2
27-Apr-10,82.44
28-Apr-10,83.22
29-Apr-10,85.17
30-Apr-10,86.15
3-May-10,86.19
4-May-10,82.74
5-May-10,79.97
6-May-10,77.11
7-May-10,75.11
10-May-10,76.8
11-May-10,76.37
12-May-10,75.65
13-May-10,74.4
14-May-10,71.61
17-May-10,70.08
18-May-10,69.41
19-May-10,69.87
20-May-10,68.01
21-May-10,70.04
24-May-10,70.21
25-May-10,68.75
26-May-10,71.51
27-May-10,74.55
28-May-10,73.97
1-Jun-10,72.58
2-Jun-10,72.86
3-Jun-10,74.61
4-Jun-10,71.51
7-Jun-10,71.44
8-Jun-10,71.99
9-Jun-10,74.38
10-Jun-10,75.48
11-Jun-10,73.78
14-Jun-10,75.12
15-Jun-10,76.94
16-Jun-10,77.67
17-Jun-10,76.79
18-Jun-10,77.18
21-Jun-10,77.82
22-Jun-10,77.21
23-Jun-10,76.35
24-Jun-10,76.51
25-Jun-10,78.86
28-Jun-10,78.25
29-Jun-10,75.94
30-Jun-10,75.63
1-Jul-10,72.95
2-Jul-10,72.14
6-Jul-10,71.98
7-Jul-10,74.07
8-Jul-10,75.44
9-Jul-10,76.09
12-Jul-10,74.95
13-Jul-10,77.15
14-Jul-10,77.04
15-Jul-10,76.62
16-Jul-10,76.01
19-Jul-10,76.54
20-Jul-10,77.44
21-Jul-10,76.56
22-Jul-10,79.3
23-Jul-10,78.98
26-Jul-10,78.98
27-Jul-10,77.5
28-Jul-10,76.99
29-Jul-10,78.36
30-Jul-10,78.95
2-Aug-10,81.34
3-Aug-10,82.55
4-Aug-10,82.47
5-Aug-10,82.01
6-Aug-10,80.7
9-Aug-10,81.48
10-Aug-10,80.25
11-Aug-10,78.02
12-Aug-10,75.74
13-Aug-10,75.39
16-Aug-10,75.24
17-Aug-10,75.77
18-Aug-10,75.42
19-Aug-10,74.43
20-Aug-10,73.46
23-Aug-10,73.1
24-Aug-10,71.63
25-Aug-10,72.52
26-Aug-10,73.36
27-Aug-10,75.17
30-Aug-10,74.7
31-Aug-10,71.92
1-Sep-10,73.91
2-Sep-10,75.02
3-Sep-10,74.6
7-Sep-10,74.09
8-Sep-10,74.67
9-Sep-10,74.25
10-Sep-10,76.45
13-Sep-10,77.19
14-Sep-10,76.8
15-Sep-10,76.02
16-Sep-10,74.57
17-Sep-10,73.66
20-Sep-10,74.86
21-Sep-10,73.52
22-Sep-10,74.71
23-Sep-10,75.18
24-Sep-10,76.49
27-Sep-10,76.52
28-Sep-10,76.18
29-Sep-10,77.86
30-Sep-10,79.97
1-Oct-10,81.58
4-Oct-10,81.47
5-Oct-10,82.82
6-Oct-10,83.23
7-Oct-10,81.67
8-Oct-10,82.66
11-Oct-10,82.21
12-Oct-10,81.67
13-Oct-10,83.01
14-Oct-10,82.69
15-Oct-10,81.25
18-Oct-10,83.08
19-Oct-10,79.49
20-Oct-10,81.77
21-Oct-10,80.56
22-Oct-10,81.69
25-Oct-10,82.52
26-Oct-10,82.55
27-Oct-10,81.94
28-Oct-10,82.18
29-Oct-10,81.43
1-Nov-10,82.95
2-Nov-10,83.9
3-Nov-10,84.69
4-Nov-10,86.49
5-Nov-10,86.85
8-Nov-10,87.06
9-Nov-10,86.72
10-Nov-10,87.81
11-Nov-10,87.81
12-Nov-10,84.88
15-Nov-10,84.86
16-Nov-10,82.34
17-Nov-10,80.44
18-Nov-10,81.85
19-Nov-10,81.51
22-Nov-10,81.74
23-Nov-10,81.25
24-Nov-10,83.86
26-Nov-10,83.76
29-Nov-10,85.73
30-Nov-10,84.11
1-Dec-10,86.75
2-Dec-10,88
3-Dec-10,89.19
6-Dec-10,89.38
7-Dec-10,88.69
8-Dec-10,88.28
9-Dec-10,88.37
10-Dec-10,87.79
13-Dec-10,88.61
14-Dec-10,88.28
15-Dec-10,88.62
16-Dec-10,87.7
17-Dec-10,88.02
20-Dec-10,88.81
21-Dec-10,89.82
22-Dec-10,90.48
23-Dec-10,91.51
27-Dec-10,91
28-Dec-10,91.49
29-Dec-10,91.12
30-Dec-10,89.84
31-Dec-10,91.38
3-Jan-11,91.55
4-Jan-11,89.38
5-Jan-11,90.3
6-Jan-11,88.38
7-Jan-11,88.03
10-Jan-11,89.25
11-Jan-11,91.11
12-Jan-11,91.86
13-Jan-11,91.4
14-Jan-11,91.54
18-Jan-11,91.38
19-Jan-11,90.86
20-Jan-11,88.86
21-Jan-11,89.11
24-Jan-11,87.87
25-Jan-11,86.19
26-Jan-11,87.33
27-Jan-11,85.64
28-Jan-11,89.34
31-Jan-11,92.19
1-Feb-11,90.77
2-Feb-11,90.86
3-Feb-11,90.54
4-Feb-11,89.03
7-Feb-11,87.48
8-Feb-11,86.94
9-Feb-11,86.71
10-Feb-11,86.73
11-Feb-11,85.58
14-Feb-11,84.81
15-Feb-11,84.32
16-Feb-11,84.99
17-Feb-11,86.36
18-Feb-11,86.2
22-Feb-11,93.57
23-Feb-11,98.1
24-Feb-11,97.28
25-Feb-11,97.88
28-Feb-11,96.97
1-Mar-11,99.63
2-Mar-11,102.23
3-Mar-11,101.91
4-Mar-11,104.42
7-Mar-11,105.44
8-Mar-11,105.02
9-Mar-11,104.38
10-Mar-11,102.7
11-Mar-11,101.16
14-Mar-11,101.19
15-Mar-11,97.18
16-Mar-11,97.98
17-Mar-11,101.42
18-Mar-11,101.07
21-Mar-11,102.33
22-Mar-11,104
23-Mar-11,105.75
24-Mar-11,105.6
25-Mar-11,105.4
28-Mar-11,103.98
29-Mar-11,104.79
30-Mar-11,104.27
31-Mar-11,106.72
1-Apr-11,107.94
4-Apr-11,108.47
5-Apr-11,108.34
6-Apr-11,108.83
7-Apr-11,110.3
8-Apr-11,112.79
11-Apr-11,109.92
12-Apr-11,106.25
13-Apr-11,107.11
14-Apr-11,108.11
15-Apr-11,109.66
18-Apr-11,107.12
19-Apr-11,108.15
20-Apr-11,111.45
21-Apr-11,112.29
25-Apr-11,112.28
26-Apr-11,112.21
27-Apr-11,112.76
28-Apr-11,112.86
29-Apr-11,113.93
2-May-11,113.52
3-May-11,111.05
4-May-11,109.24
5-May-11,99.8
6-May-11,97.18
9-May-11,102.55
10-May-11,103.88
11-May-11,98.21
12-May-11,98.97
13-May-11,99.65
16-May-11,97.37
17-May-11,96.91
18-May-11,100.1
19-May-11,98.44
20-May-11,99.49
23-May-11,97.7
24-May-11,99.59
25-May-11,101.32
26-May-11,100.23
27-May-11,100.59
31-May-11,102.7
1-Jun-11,100.29
2-Jun-11,100.4
3-Jun-11,100.22
6-Jun-11,99.01
7-Jun-11,99.09
8-Jun-11,100.74
9-Jun-11,101.93
10-Jun-11,99.29
13-Jun-11,97.3
14-Jun-11,99.37
15-Jun-11,94.81
16-Jun-11,94.95
17-Jun-11,93.01
20-Jun-11,93.26
21-Jun-11,93.4
22-Jun-11,95.41
23-Jun-11,91.02
24-Jun-11,91.16
27-Jun-11,90.61
28-Jun-11,92.89
29-Jun-11,94.77
30-Jun-11,95.42
1-Jul-11,94.94
5-Jul-11,96.89
6-Jul-11,96.65
7-Jul-11,98.67
8-Jul-11,96.2
11-Jul-11,95.15
12-Jul-11,97.43
13-Jul-11,98.05
14-Jul-11,95.69
15-Jul-11,97.24
18-Jul-11,95.93
19-Jul-11,97.5
20-Jul-11,98.14
21-Jul-11,99.13
22-Jul-11,99.87
25-Jul-11,99.2
26-Jul-11,99.59
27-Jul-11,97.4
28-Jul-11,97.44
29-Jul-11,95.7
1-Aug-11,94.89
2-Aug-11,93.79
3-Aug-11,91.93
4-Aug-11,86.63
5-Aug-11,86.88
8-Aug-11,81.31
9-Aug-11,79.3
10-Aug-11,82.89
11-Aug-11,85.72
12-Aug-11,85.38
15-Aug-11,87.88
16-Aug-11,86.65
17-Aug-11,87.58
18-Aug-11,82.38
19-Aug-11,82.26
22-Aug-11,84.12
23-Aug-11,85.44
24-Aug-11,85.16
25-Aug-11,85.3
26-Aug-11,85.37
29-Aug-11,87.27
30-Aug-11,88.9
31-Aug-11,88.81
1-Sep-11,88.93
2-Sep-11,86.45
6-Sep-11,86.02
7-Sep-11,89.34
8-Sep-11,89.05
9-Sep-11,87.24
12-Sep-11,88.19
13-Sep-11,90.21
14-Sep-11,88.91
15-Sep-11,89.4
16-Sep-11,87.96
19-Sep-11,85.7
20-Sep-11,86.89
21-Sep-11,85.92
22-Sep-11,80.51
23-Sep-11,79.85
26-Sep-11,80.24
27-Sep-11,84.45
28-Sep-11,81.21
29-Sep-11,82.14
30-Sep-11,79.2
3-Oct-11,77.61
4-Oct-11,75.67
5-Oct-11,79.68
6-Oct-11,82.59
7-Oct-11,82.98
10-Oct-11,85.41
11-Oct-11,85.81
12-Oct-11,85.57
13-Oct-11,84.23
14-Oct-11,86.8
17-Oct-11,86.38
18-Oct-11,88.34
19-Oct-11,86.11
20-Oct-11,85.3
21-Oct-11,87.4
24-Oct-11,91.27
25-Oct-11,93.17
26-Oct-11,90.2
27-Oct-11,93.96
28-Oct-11,93.32
31-Oct-11,93.19
1-Nov-11,92.19
2-Nov-11,92.51
3-Nov-11,94.07
4-Nov-11,94.26
7-Nov-11,95.52
8-Nov-11,96.8
9-Nov-11,95.74
10-Nov-11,97.78
11-Nov-11,98.99
14-Nov-11,98.14
15-Nov-11,99.37
16-Nov-11,102.59
17-Nov-11,98.82
18-Nov-11,97.41
21-Nov-11,96.92
22-Nov-11,98.01
23-Nov-11,96.17
25-Nov-11,96.77
28-Nov-11,98.21
29-Nov-11,99.79
30-Nov-11,100.36
1-Dec-11,100.2
2-Dec-11,100.96
5-Dec-11,100.99
6-Dec-11,101.28
7-Dec-11,100.49
8-Dec-11,98.34
9-Dec-11,99.41
12-Dec-11,97.77
13-Dec-11,100.14
14-Dec-11,94.95
15-Dec-11,93.87
16-Dec-11,93.53
19-Dec-11,93.88
20-Dec-11,97.22
21-Dec-11,98.67
22-Dec-11,99.53
23-Dec-11,99.68
27-Dec-11,101.34
28-Dec-11,99.36
29-Dec-11,99.65
30-Dec-11,98.83
3-Jan-12,102.96
4-Jan-12,103.22
5-Jan-12,101.81
6-Jan-12,101.56
9-Jan-12,101.31
10-Jan-12,102.24
11-Jan-12,100.87
12-Jan-12,99.1
13-Jan-12,98.7
17-Jan-12,100.71
18-Jan-12,100.59
19-Jan-12,100.39
20-Jan-12,98.46
23-Jan-12,99.58
24-Jan-12,98.95
25-Jan-12,99.4
26-Jan-12,99.7
27-Jan-12,99.56
30-Jan-12,98.78
31-Jan-12,98.48
1-Feb-12,97.61
2-Feb-12,96.36
3-Feb-12,97.84
6-Feb-12,96.91
7-Feb-12,98.41
8-Feb-12,98.71
9-Feb-12,99.84
10-Feb-12,98.67
13-Feb-12,100.91
14-Feb-12,100.74
15-Feb-12,101.8
16-Feb-12,102.31
17-Feb-12,103.24
21-Feb-12,105.84
22-Feb-12,106.28
23-Feb-12,107.83
24-Feb-12,109.77
27-Feb-12,108.56
28-Feb-12,106.55
29-Feb-12,107.07
1-Mar-12,108.84
2-Mar-12,106.7
5-Mar-12,106.72
6-Mar-12,104.7
7-Mar-12,106.16
8-Mar-12,106.58
9-Mar-12,107.4
12-Mar-12,106.34
13-Mar-12,106.71
14-Mar-12,105.43
15-Mar-12,105.11
16-Mar-12,107.06
19-Mar-12,108.09
20-Mar-12,105.61
21-Mar-12,107.27
22-Mar-12,105.35
23-Mar-12,106.87
26-Mar-12,107.03
27-Mar-12,107.33
28-Mar-12,105.41
29-Mar-12,102.78
30-Mar-12,103.02
2-Apr-12,105.23
3-Apr-12,104.01
4-Apr-12,101.47
5-Apr-12,103.31
9-Apr-12,102.46
10-Apr-12,101.02
11-Apr-12,102.7
12-Apr-12,103.64
13-Apr-12,102.83
16-Apr-12,102.93
17-Apr-12,104.2
18-Apr-12,102.67
19-Apr-12,102.27
20-Apr-12,103.05
23-Apr-12,103.11
24-Apr-12,103.55
25-Apr-12,104.12
26-Apr-12,104.55
27-Apr-12,104.93
30-Apr-12,104.87
1-May-12,106.16
2-May-12,105.22
3-May-12,102.54
4-May-12,98.49
7-May-12,97.94
8-May-12,97.01
9-May-12,96.81
10-May-12,97.08
11-May-12,96.13
14-May-12,94.78
15-May-12,93.98
16-May-12,92.81
17-May-12,92.56
18-May-12,91.48
21-May-12,92.57
22-May-12,91.66
23-May-12,89.9
24-May-12,90.66
25-May-12,90.86
29-May-12,90.76
30-May-12,87.82
31-May-12,86.53
1-Jun-12,83.23
4-Jun-12,83.98
5-Jun-12,84.29
6-Jun-12,85.02
7-Jun-12,84.82
8-Jun-12,84.1
11-Jun-12,82.7
12-Jun-12,83.32
13-Jun-12,82.62
14-Jun-12,83.91
15-Jun-12,84.03
18-Jun-12,83.27
19-Jun-12,84.03
20-Jun-12,81.8
21-Jun-12,78.2
22-Jun-12,79.76
25-Jun-12,79.21
26-Jun-12,79.36
27-Jun-12,80.21
28-Jun-12,77.69
29-Jun-12,84.96
2-Jul-12,83.75
3-Jul-12,87.66
5-Jul-12,87.22
6-Jul-12,84.45
9-Jul-12,85.99
10-Jul-12,83.91
11-Jul-12,85.81
12-Jul-12,86.08
13-Jul-12,87.1
16-Jul-12,88.43
17-Jul-12,89.22
18-Jul-12,89.87
19-Jul-12,92.66
20-Jul-12,91.44
23-Jul-12,88.14
24-Jul-12,88.5
25-Jul-12,88.97
26-Jul-12,89.39
27-Jul-12,90.13
30-Jul-12,89.78
31-Jul-12,88.06
1-Aug-12,88.91
2-Aug-12,87.13
3-Aug-12,91.4
6-Aug-12,92.2
7-Aug-12,93.67
8-Aug-12,93.35
9-Aug-12,93.36
10-Aug-12,92.87
13-Aug-12,92.73
14-Aug-12,93.43
15-Aug-12,94.33
16-Aug-12,95.6
17-Aug-12,96.01
20-Aug-12,95.97
21-Aug-12,96.68
22-Aug-12,97.26
23-Aug-12,96.27
24-Aug-12,96.15
27-Aug-12,95.47
28-Aug-12,96.33
29-Aug-12,95.49
30-Aug-12,94.62
31-Aug-12,96.47
4-Sep-12,95.3
5-Sep-12,95.36
6-Sep-12,95.53
7-Sep-12,96.42
10-Sep-12,96.54
11-Sep-12,97.17
12-Sep-12,97.01
13-Sep-12,98.31
14-Sep-12,99
17-Sep-12,96.62
18-Sep-12,95.29
19-Sep-12,91.98
20-Sep-12,91.87
21-Sep-12,92.89
24-Sep-12,91.93
25-Sep-12,91.37
26-Sep-12,89.98
27-Sep-12,91.85
28-Sep-12,92.19
1-Oct-12,92.48
2-Oct-12,91.89
3-Oct-12,88.14
4-Oct-12,91.71
5-Oct-12,89.88
8-Oct-12,89.33
9-Oct-12,92.39
10-Oct-12,91.25
11-Oct-12,92.07
12-Oct-12,91.86
15-Oct-12,91.85
16-Oct-12,92.09
17-Oct-12,92.12
18-Oct-12,92.1
19-Oct-12,90.05
22-Oct-12,88.73
23-Oct-12,86.67
24-Oct-12,85.73
25-Oct-12,86.05
26-Oct-12,86.28
29-Oct-12,85.54
30-Oct-12,85.68
31-Oct-12,86.24
1-Nov-12,87.09
2-Nov-12,84.86
5-Nov-12,85.65
6-Nov-12,88.71
7-Nov-12,84.44
8-Nov-12,85.09
9-Nov-12,86.07
12-Nov-12,85.57
13-Nov-12,85.38
14-Nov-12,86.32
15-Nov-12,85.45
16-Nov-12,86.67
19-Nov-12,89.28
20-Nov-12,86.75
21-Nov-12,87.38
23-Nov-12,88.28
26-Nov-12,87.74
27-Nov-12,87.18
28-Nov-12,86.49
29-Nov-12,88.07
30-Nov-12,88.91
3-Dec-12,89.09
4-Dec-12,88.5
5-Dec-12,87.88
6-Dec-12,86.26
7-Dec-12,85.93
10-Dec-12,85.56
11-Dec-12,85.79
12-Dec-12,86.77
13-Dec-12,85.89
14-Dec-12,86.73
17-Dec-12,87.2
18-Dec-12,87.93
19-Dec-12,89.51
20-Dec-12,90.13
21-Dec-12,88.66
24-Dec-12,88.61
26-Dec-12,90.98
27-Dec-12,90.87
28-Dec-12,90.8
31-Dec-12,91.82
2-Jan-13,93.12
3-Jan-13,92.92
4-Jan-13,93.09
7-Jan-13,93.19
8-Jan-13,93.15
9-Jan-13,93.1
10-Jan-13,93.82
11-Jan-13,93.56
14-Jan-13,94.14
15-Jan-13,93.28
16-Jan-13,94.24
17-Jan-13,95.49
18-Jan-13,95.56
22-Jan-13,96.24
23-Jan-13,95.23
24-Jan-13,95.95
25-Jan-13,95.88
28-Jan-13,96.44
29-Jan-13,97.57
30-Jan-13,97.94
31-Jan-13,97.49
1-Feb-13,97.77
4-Feb-13,96.17
5-Feb-13,96.64
6-Feb-13,96.62
7-Feb-13,95.83
8-Feb-13,95.72
11-Feb-13,97.03
12-Feb-13,97.51
13-Feb-13,97.01
14-Feb-13,97.31
15-Feb-13,95.86
19-Feb-13,96.66
20-Feb-13,94.46
21-Feb-13,92.84
22-Feb-13,93.13
25-Feb-13,93.11
26-Feb-13,92.63
27-Feb-13,92.76
28-Feb-13,92.05
1-Mar-13,90.68
4-Mar-13,90.12
5-Mar-13,90.82
6-Mar-13,90.43
7-Mar-13,91.56
8-Mar-13,91.95
11-Mar-13,92.06
12-Mar-13,92.54
13-Mar-13,92.52
14-Mar-13,93.03
15-Mar-13,93.45
18-Mar-13,93.74
19-Mar-13,92.16
20-Mar-13,92.96
21-Mar-13,92.45
22-Mar-13,93.71
25-Mar-13,94.81
26-Mar-13,96.34
27-Mar-13,96.58
28-Mar-13,97.23
1-Apr-13,97.07
2-Apr-13,97.19
3-Apr-13,94.45
4-Apr-13,93.26
5-Apr-13,92.7
8-Apr-13,93.36
9-Apr-13,94.2
10-Apr-13,94.64
11-Apr-13,93.51
12-Apr-13,91.29
15-Apr-13,88.71
16-Apr-13,88.72
17-Apr-13,86.68
18-Apr-13,87.73
19-Apr-13,88.01
22-Apr-13,88.76
23-Apr-13,89.18
24-Apr-13,91.43
25-Apr-13,93.64
26-Apr-13,93
29-Apr-13,94.5
30-Apr-13,93.46
1-May-13,91.03
2-May-13,93.99
3-May-13,95.61
6-May-13,96.16
7-May-13,95.62
8-May-13,96.62
9-May-13,96.39
10-May-13,96.04
13-May-13,95.17
14-May-13,94.21
15-May-13,94.3
16-May-13,95.16
17-May-13,96.02
20-May-13,96.71
21-May-13,96.16
22-May-13,94.28
23-May-13,94.25
24-May-13,94.15
28-May-13,95.01
29-May-13,93.13
30-May-13,93.61
31-May-13,91.97
3-Jun-13,93.45
4-Jun-13,93.31
5-Jun-13,93.74
6-Jun-13,94.76
7-Jun-13,96.03
10-Jun-13,95.77
11-Jun-13,95.38
12-Jun-13,95.88
13-Jun-13,96.69
14-Jun-13,97.85
17-Jun-13,97.77
18-Jun-13,98.44
19-Jun-13,98.24
20-Jun-13,95.4
21-Jun-13,93.69
24-Jun-13,95.18
25-Jun-13,95.32
26-Jun-13,95.5
27-Jun-13,97.05
28-Jun-13,96.56
1-Jul-13,97.99
2-Jul-13,99.6
3-Jul-13,101.24
5-Jul-13,103.22
8-Jul-13,103.14
9-Jul-13,103.53
10-Jul-13,106.52
11-Jul-13,104.91
12-Jul-13,105.95
15-Jul-13,106.32
16-Jul-13,106
17-Jul-13,106.48
18-Jul-13,108.04
19-Jul-13,108.05
22-Jul-13,106.91
23-Jul-13,107.23
24-Jul-13,105.39
25-Jul-13,105.49
26-Jul-13,104.7
29-Jul-13,104.55
30-Jul-13,103.08
31-Jul-13,105.03
1-Aug-13,107.89
2-Aug-13,106.94
5-Aug-13,106.56
6-Aug-13,105.3
7-Aug-13,104.37
8-Aug-13,103.4
9-Aug-13,105.97
12-Aug-13,106.11
13-Aug-13,106.83
14-Aug-13,106.85
15-Aug-13,107.33
16-Aug-13,107.46
19-Aug-13,107.1
20-Aug-13,104.96
21-Aug-13,103.85
22-Aug-13,105.03
23-Aug-13,106.42
26-Aug-13,105.92
27-Aug-13,109.01
28-Aug-13,110.1
29-Aug-13,108.8
30-Aug-13,107.65
3-Sep-13,108.54
4-Sep-13,107.23
5-Sep-13,108.37
6-Sep-13,110.53
9-Sep-13,109.52
10-Sep-13,107.39
11-Sep-13,107.56
12-Sep-13,108.6
13-Sep-13,108.21
16-Sep-13,106.59
17-Sep-13,105.42
18-Sep-13,108.07
19-Sep-13,106.39
20-Sep-13,104.67
23-Sep-13,103.59
24-Sep-13,103.13
25-Sep-13,102.66
26-Sep-13,103.03
27-Sep-13,102.87
30-Sep-13,102.33
1-Oct-13,102.04
2-Oct-13,104.1
3-Oct-13,103.31
4-Oct-13,103.84
7-Oct-13,103.03
8-Oct-13,103.49
9-Oct-13,101.61
10-Oct-13,103.01
11-Oct-13,102.02
14-Oct-13,102.41
15-Oct-13,101.21
16-Oct-13,102.29
17-Oct-13,100.67
18-Oct-13,100.81
21-Oct-13,99.22
22-Oct-13,97.8
23-Oct-13,96.86
24-Oct-13,97.11
25-Oct-13,97.85
28-Oct-13,98.68
29-Oct-13,98.2
30-Oct-13,96.77
31-Oct-13,96.38
1-Nov-13,94.61
4-Nov-13,94.62
5-Nov-13,93.37
6-Nov-13,94.8
7-Nov-13,94.2
8-Nov-13,94.6
11-Nov-13,95.14
12-Nov-13,93.04
13-Nov-13,93.88
14-Nov-13,93.76
15-Nov-13,93.84
18-Nov-13,93.03
19-Nov-13,93.34
20-Nov-13,93.33
21-Nov-13,95.44
22-Nov-13,94.84
25-Nov-13,94.09
26-Nov-13,93.68
27-Nov-13,92.3
29-Nov-13,92.72
2-Dec-13,93.82
3-Dec-13,96.04
4-Dec-13,97.2
5-Dec-13,97.38
6-Dec-13,97.65
9-Dec-13,97.34
10-Dec-13,98.51
11-Dec-13,97.44
12-Dec-13,97.5
13-Dec-13,96.6
16-Dec-13,97.48
17-Dec-13,97.22
18-Dec-13,97.8
19-Dec-13,98.77
20-Dec-13,99.32
23-Dec-13,98.91
24-Dec-13,99.22
26-Dec-13,99.55
27-Dec-13,100.32
30-Dec-13,99.29
31-Dec-13,98.42
2-Jan-14,95.44
3-Jan-14,93.96
6-Jan-14,93.43
7-Jan-14,93.67
8-Jan-14,92.33
9-Jan-14,91.66
10-Jan-14,92.72
13-Jan-14,91.8
14-Jan-14,92.59
15-Jan-14,94.17
16-Jan-14,93.96
17-Jan-14,94.37
21-Jan-14,94.99
22-Jan-14,96.73
23-Jan-14,97.32
24-Jan-14,96.64
27-Jan-14,95.72
28-Jan-14,97.41
29-Jan-14,97.36
30-Jan-14,98.23
31-Jan-14,97.49
3-Feb-14,96.43
4-Feb-14,97.19
5-Feb-14,97.38
6-Feb-14,97.84
7-Feb-14,99.88
10-Feb-14,100.06
11-Feb-14,99.94
12-Feb-14,100.37
13-Feb-14,100.35
14-Feb-14,100.3
18-Feb-14,102.43
19-Feb-14,103.31
20-Feb-14,102.92
21-Feb-14,102.2
24-Feb-14,102.82
25-Feb-14,101.83
26-Feb-14,102.59
27-Feb-14,102.4
28-Feb-14,102.59
3-Mar-14,104.92
4-Mar-14,103.33
5-Mar-14,101.45
6-Mar-14,101.56
7-Mar-14,102.58
10-Mar-14,101.12
11-Mar-14,100.03
12-Mar-14,97.99
13-Mar-14,98.2
14-Mar-14,98.89
17-Mar-14,98.08
18-Mar-14,99.7
19-Mar-14,100.37
20-Mar-14,99.43
21-Mar-14,99.46
24-Mar-14,99.6
25-Mar-14,99.19
26-Mar-14,100.26
27-Mar-14,101.28
28-Mar-14,101.67
31-Mar-14,101.58
1-Apr-14,99.74
2-Apr-14,99.62
3-Apr-14,100.29
4-Apr-14,101.14
7-Apr-14,100.44
8-Apr-14,102.56
9-Apr-14,103.6
10-Apr-14,103.4
11-Apr-14,103.74
14-Apr-14,104.05
15-Apr-14,103.75
16-Apr-14,103.76
17-Apr-14,104.3
21-Apr-14,104.37
22-Apr-14,102.13
23-Apr-14,101.44
24-Apr-14,101.94
25-Apr-14,100.6
28-Apr-14,100.84
29-Apr-14,101.28
30-Apr-14,99.74
1-May-14,99.42
2-May-14,99.76
5-May-14,99.48
6-May-14,99.5
7-May-14,100.77
8-May-14,100.26
9-May-14,99.99
12-May-14,100.59
13-May-14,101.7
14-May-14,102.37
15-May-14,101.5
16-May-14,102.02
19-May-14,102.61
20-May-14,102.44
21-May-14,104.07
22-May-14,103.74
23-May-14,104.35
27-May-14,104.11
28-May-14,102.72
29-May-14,103.58
30-May-14,102.71
2-Jun-14,102.47
3-Jun-14,102.66
4-Jun-14,102.64
5-Jun-14,102.48
6-Jun-14,102.66
9-Jun-14,104.41
10-Jun-14,104.35
11-Jun-14,104.4
12-Jun-14,106.53
13-Jun-14,106.91
16-Jun-14,106.9
17-Jun-14,106.36
18-Jun-14,105.97
19-Jun-14,106.43
20-Jun-14,107.26
23-Jun-14,106.17
24-Jun-14,106.03
25-Jun-14,106.5
26-Jun-14,105.84
27-Jun-14,105.74
30-Jun-14,105.37
1-Jul-14,105.34
2-Jul-14,104.48
3-Jul-14,104.06
7-Jul-14,103.53
8-Jul-14,103.4
9-Jul-14,102.29
10-Jul-14,102.93
11-Jul-14,100.83
14-Jul-14,100.91
15-Jul-14,99.96
16-Jul-14,101.2
17-Jul-14,103.19
18-Jul-14,103.13
21-Jul-14,104.59
22-Jul-14,104.42
23-Jul-14,103.12
24-Jul-14,102.07
25-Jul-14,102.09
28-Jul-14,101.67
29-Jul-14,100.97
30-Jul-14,100.27
31-Jul-14,98.17
1-Aug-14,97.88
4-Aug-14,98.29
5-Aug-14,97.38
6-Aug-14,96.92
7-Aug-14,97.34
8-Aug-14,97.65
11-Aug-14,98.08
12-Aug-14,97.37
13-Aug-14,97.59
14-Aug-14,95.58
15-Aug-14,97.35
18-Aug-14,96.41
19-Aug-14,94.48
20-Aug-14,96.07
21-Aug-14,93.96
22-Aug-14,93.65
25-Aug-14,93.35
26-Aug-14,93.86
27-Aug-14,93.88
28-Aug-14,94.55
29-Aug-14,95.96
2-Sep-14,92.88
3-Sep-14,95.54
4-Sep-14,94.45
5-Sep-14,93.29
8-Sep-14,92.66
9-Sep-14,92.75
10-Sep-14,91.67
11-Sep-14,92.83
12-Sep-14,92.27
15-Sep-14,92.92
16-Sep-14,94.88
17-Sep-14,94.42
18-Sep-14,93.07
19-Sep-14,92.41
22-Sep-14,91.52
23-Sep-14,91.56
24-Sep-14,92.8
25-Sep-14,92.53
26-Sep-14,93.54
29-Sep-14,94.57
30-Sep-14,91.16
1-Oct-14,90.73
2-Oct-14,91.01
3-Oct-14,89.74
6-Oct-14,90.34
7-Oct-14,88.85
8-Oct-14,87.31
9-Oct-14,85.77
10-Oct-14,85.82
13-Oct-14,85.74
14-Oct-14,81.84
15-Oct-14,81.78
16-Oct-14,82.7
17-Oct-14,82.75
20-Oct-14,82.71
21-Oct-14,82.81
22-Oct-14,80.52
23-Oct-14,82.09
24-Oct-14,81.01
27-Oct-14,81
28-Oct-14,81.42
29-Oct-14,82.2
30-Oct-14,81.12
31-Oct-14,80.54
3-Nov-14,78.78
4-Nov-14,77.19
5-Nov-14,78.68
6-Nov-14,77.91
7-Nov-14,78.65
10-Nov-14,77.4
11-Nov-14,77.94
12-Nov-14,77.18
13-Nov-14,74.21
14-Nov-14,75.82
17-Nov-14,75.64
18-Nov-14,74.61
19-Nov-14,74.58
20-Nov-14,75.58
21-Nov-14,76.51
24-Nov-14,75.78
25-Nov-14,74.09
26-Nov-14,73.69
28-Nov-14,66.15
1-Dec-14,69
2-Dec-14,66.88
3-Dec-14,67.38
4-Dec-14,66.81
5-Dec-14,65.84
8-Dec-14,63.05
9-Dec-14,63.82
10-Dec-14,60.94
11-Dec-14,59.95
12-Dec-14,57.81
15-Dec-14,55.91
16-Dec-14,55.93
17-Dec-14,56.47
18-Dec-14,54.11
19-Dec-14,56.52
22-Dec-14,55.26
23-Dec-14,57.12
24-Dec-14,55.84
26-Dec-14,54.73
29-Dec-14,53.61
30-Dec-14,54.12
31-Dec-14,53.27
2-Jan-15,52.69
5-Jan-15,50.04
6-Jan-15,47.93
7-Jan-15,48.65
8-Jan-15,48.79
9-Jan-15,48.36
12-Jan-15,46.07
13-Jan-15,45.89
14-Jan-15,48.48
15-Jan-15,46.25
16-Jan-15,48.69
20-Jan-15,46.39
21-Jan-15,47.78
22-Jan-15,46.31
23-Jan-15,45.59
26-Jan-15,45.15
27-Jan-15,46.23
28-Jan-15,44.45
29-Jan-15,44.53
30-Jan-15,48.24
2-Feb-15,49.57
3-Feb-15,53.05
4-Feb-15,48.45
5-Feb-15,50.48
6-Feb-15,51.69
9-Feb-15,52.86
10-Feb-15,50.02
11-Feb-15,48.84
12-Feb-15,51.21
13-Feb-15,52.78
17-Feb-15,53.53
18-Feb-15,52.14
19-Feb-15,51.16
20-Feb-15,50.34
23-Feb-15,49.45
24-Feb-15,49.28
25-Feb-15,50.99
26-Feb-15,48.17
27-Feb-15,49.76
2-Mar-15,49.59
3-Mar-15,50.52
4-Mar-15,51.53
5-Mar-15,50.76
6-Mar-15,49.61
9-Mar-15,50
10-Mar-15,48.29
11-Mar-15,48.17
12-Mar-15,47.05
13-Mar-15,44.84
16-Mar-15,43.88
17-Mar-15,43.46
18-Mar-15,44.66
19-Mar-15,43.96
20-Mar-15,45.72
23-Mar-15,47.45
24-Mar-15,47.51
25-Mar-15,49.21
26-Mar-15,51.43
27-Mar-15,48.87
30-Mar-15,48.68
31-Mar-15,47.6
1-Apr-15,50.09
2-Apr-15,49.14
6-Apr-15,52.14
7-Apr-15,53.98
8-Apr-15,50.42
9-Apr-15,50.79
10-Apr-15,51.64
13-Apr-15,51.91
14-Apr-15,53.29
15-Apr-15,56.39
16-Apr-15,56.71
17-Apr-15,55.74
20-Apr-15,56.38
21-Apr-15,55.26
22-Apr-15,56.16
23-Apr-15,57.74
24-Apr-15,57.15
27-Apr-15,56.99
28-Apr-15,57.06
29-Apr-15,58.58
30-Apr-15,59.63
1-May-15,59.15
4-May-15,58.93
5-May-15,60.4
6-May-15,60.93
7-May-15,58.94
8-May-15,59.39
11-May-15,59.25
12-May-15,60.75
13-May-15,60.5
14-May-15,59.88
15-May-15,59.69
18-May-15,59.43
19-May-15,57.26
20-May-15,58.98
21-May-15,60.72
22-May-15,59.72
26-May-15,58.03
27-May-15,57.51
28-May-15,57.68
29-May-15,60.3
1-Jun-15,60.2
2-Jun-15,61.26
3-Jun-15,59.64
4-Jun-15,58
5-Jun-15,59.13
8-Jun-15,58.14
9-Jun-15,60.14
10-Jun-15,61.43
11-Jun-15,60.77
12-Jun-15,59.96
15-Jun-15,59.52
16-Jun-15,59.97
17-Jun-15,59.92
18-Jun-15,60.45
19-Jun-15,59.61
22-Jun-15,59.68
23-Jun-15,61.01
24-Jun-15,60.27
25-Jun-15,59.7
26-Jun-15,59.63
29-Jun-15,58.33
30-Jun-15,59.47
1-Jul-15,56.96
2-Jul-15,56.93
6-Jul-15,52.53
7-Jul-15,52.33
8-Jul-15,51.65
9-Jul-15,52.78
10-Jul-15,52.74
13-Jul-15,52.2
14-Jul-15,53.04
15-Jul-15,51.41
16-Jul-15,50.91
17-Jul-15,50.89
20-Jul-15,50.15
21-Jul-15,50.36
22-Jul-15,49.19
23-Jul-15,48.45
24-Jul-15,48.14
27-Jul-15,47.39
28-Jul-15,47.98
29-Jul-15,48.79
30-Jul-15,48.52
31-Jul-15,47.12
3-Aug-15,45.17
4-Aug-15,45.74
5-Aug-15,45.15
6-Aug-15,44.66
7-Aug-15,43.87
10-Aug-15,44.96
11-Aug-15,43.08
12-Aug-15,43.3
13-Aug-15,42.23
14-Aug-15,42.5
17-Aug-15,41.87
18-Aug-15,42.62
19-Aug-15,40.8
20-Aug-15,41.14
21-Aug-15,40.45
24-Aug-15,38.24
25-Aug-15,39.31
26-Aug-15,38.6
27-Aug-15,42.56
28-Aug-15,45.22
31-Aug-15,49.2
1-Sep-15,45.41
2-Sep-15,46.25
3-Sep-15,46.75
4-Sep-15,46.05
8-Sep-15,45.94
9-Sep-15,44.15
10-Sep-15,45.92
11-Sep-15,44.63
14-Sep-15,44
15-Sep-15,44.59
16-Sep-15,47.15
17-Sep-15,46.9
18-Sep-15,44.68
21-Sep-15,46.68
22-Sep-15,45.83
23-Sep-15,44.48
24-Sep-15,44.91
25-Sep-15,45.7
28-Sep-15,44.43
29-Sep-15,45.23
30-Sep-15,45.09
1-Oct-15,44.74
2-Oct-15,45.54
5-Oct-15,46.26
6-Oct-15,48.53
7-Oct-15,47.81
8-Oct-15,49.43
9-Oct-15,49.63
12-Oct-15,47.1
13-Oct-15,46.66
14-Oct-15,46.64
15-Oct-15,46.38
16-Oct-15,47.26
19-Oct-15,45.89
20-Oct-15,45.55
21-Oct-15,45.2
22-Oct-15,45.38
23-Oct-15,44.6
26-Oct-15,43.98
27-Oct-15,43.2
28-Oct-15,45.94
29-Oct-15,46.06
30-Oct-15,46.59
2-Nov-15,46.14
3-Nov-15,47.9
4-Nov-15,46.32
5-Nov-15,45.2
6-Nov-15,44.29
9-Nov-15,43.87
10-Nov-15,44.21
11-Nov-15,42.93
12-Nov-15,41.75
13-Nov-15,40.74
16-Nov-15,41.74
17-Nov-15,40.67
18-Nov-15,40.75
19-Nov-15,40.54
20-Nov-15,40.39
23-Nov-15,41.75
24-Nov-15,42.87
25-Nov-15,43.04
27-Nov-15,41.71
30-Nov-15,41.65
1-Dec-15,41.85
2-Dec-15,39.94
3-Dec-15,41.08
4-Dec-15,39.97
7-Dec-15,37.65
8-Dec-15,37.51
9-Dec-15,37.16
10-Dec-15,36.76
11-Dec-15,35.62
14-Dec-15,36.31
15-Dec-15,37.35
16-Dec-15,35.52
17-Dec-15,34.95
18-Dec-15,34.73
21-Dec-15,34.74
22-Dec-15,36.14
23-Dec-15,37.5
24-Dec-15,38.1
28-Dec-15,36.81
29-Dec-15,37.87
30-Dec-15,36.6
31-Dec-15,37.04
4-Jan-16,36.76
5-Jan-16,35.97
6-Jan-16,33.97
7-Jan-16,33.27
8-Jan-16,33.16
11-Jan-16,31.41
12-Jan-16,30.44
13-Jan-16,30.48
14-Jan-16,31.2
15-Jan-16,29.42
19-Jan-16,28.46
20-Jan-16,26.55
21-Jan-16,29.53
22-Jan-16,32.19
25-Jan-16,30.34
26-Jan-16,31.45
27-Jan-16,32.3
28-Jan-16,33.22
29-Jan-16,33.62
1-Feb-16,31.62
2-Feb-16,29.88
3-Feb-16,32.28
4-Feb-16,31.72
5-Feb-16,30.89
8-Feb-16,29.69
9-Feb-16,27.94
10-Feb-16,27.45
11-Feb-16,26.21
12-Feb-16,29.44
16-Feb-16,29.04
17-Feb-16,30.66
18-Feb-16,30.77
19-Feb-16,29.64
22-Feb-16,31.48
23-Feb-16,31.87
24-Feb-16,32.15
25-Feb-16,33.07
26-Feb-16,32.78
29-Feb-16,33.75
1-Mar-16,34.4
2-Mar-16,34.66
3-Mar-16,34.57
4-Mar-16,35.92
7-Mar-16,37.9
8-Mar-16,36.5
9-Mar-16,38.29
10-Mar-16,37.84
11-Mar-16,38.5
14-Mar-16,37.18
15-Mar-16,36.34
16-Mar-16,38.46
17-Mar-16,40.2
18-Mar-16,39.44
21-Mar-16,39.91
22-Mar-16,41.45
23-Mar-16,39.79
24-Mar-16,39.46
28-Mar-16,39.39
29-Mar-16,38.28
30-Mar-16,38.32
31-Mar-16,38.34
1-Apr-16,36.79
4-Apr-16,35.7
5-Apr-16,35.89
6-Apr-16,37.75
7-Apr-16,37.26
8-Apr-16,39.72
11-Apr-16,40.36
12-Apr-16,42.17
13-Apr-16,41.76
14-Apr-16,41.5
15-Apr-16,40.36
18-Apr-16,39.78
19-Apr-16,41.08
20-Apr-16,42.63
21-Apr-16,43.18
22-Apr-16,43.73
25-Apr-16,42.64
26-Apr-16,44.04
27-Apr-16,45.33
28-Apr-16,46.03
29-Apr-16,45.92
2-May-16,44.78
3-May-16,43.65
4-May-16,43.78
5-May-16,44.32
6-May-16,44.66
9-May-16,43.44
10-May-16,44.66
11-May-16,46.23
12-May-16,46.7
13-May-16,46.21
16-May-16,47.72
17-May-16,48.31
18-May-16,48.19
19-May-16,48.16
20-May-16,47.75
23-May-16,48.08
24-May-16,48.62
25-May-16,49.56
26-May-16,49.48
27-May-16,49.33
31-May-16,49.1
1-Jun-16,49.01
2-Jun-16,49.17
3-Jun-16,48.62
6-Jun-16,49.69
7-Jun-16,50.36
8-Jun-16,51.23
9-Jun-16,50.56
10-Jun-16,49.07
13-Jun-16,48.88
14-Jun-16,48.49
15-Jun-16,48.01
16-Jun-16,46.21
17-Jun-16,47.98
20-Jun-16,49.37
21-Jun-16,48.85
22-Jun-16,49.13
23-Jun-16,50.11
24-Jun-16,47.64
27-Jun-16,46.33
28-Jun-16,47.85
29-Jun-16,49.88
30-Jun-16,48.33
1-Jul-16,48.99
5-Jul-16,46.6
6-Jul-16,47.43
7-Jul-16,45.14
8-Jul-16,45.41
11-Jul-16,44.76
12-Jul-16,46.8
13-Jul-16,44.75
14-Jul-16,45.68
15-Jul-16,45.95
18-Jul-16,45.24
19-Jul-16,44.65
20-Jul-16,44.94
21-Jul-16,44.75
22-Jul-16,44.19
25-Jul-16,43.13
26-Jul-16,42.92
27-Jul-16,41.92
28-Jul-16,41.14
29-Jul-16,41.6
1-Aug-16,40.06
2-Aug-16,39.51
3-Aug-16,40.83
4-Aug-16,41.93
5-Aug-16,41.8
8-Aug-16,43.02
9-Aug-16,42.77
10-Aug-16,41.71
11-Aug-16,43.49
12-Aug-16,44.49
15-Aug-16,45.74
16-Aug-16,46.58
17-Aug-16,46.79
18-Aug-16,48.22
19-Aug-16,48.52
22-Aug-16,47.05
23-Aug-16,48.1
24-Aug-16,46.77
25-Aug-16,47.33
26-Aug-16,47.64
29-Aug-16,46.98
30-Aug-16,46.35
31-Aug-16,44.7
1-Sep-16,43.16
2-Sep-16,44.44
6-Sep-16,44.83
7-Sep-16,45.5
8-Sep-16,47.62
9-Sep-16,45.88
12-Sep-16,46.29
13-Sep-16,44.9
14-Sep-16,43.58
15-Sep-16,43.91
16-Sep-16,43.03
19-Sep-16,43.3
20-Sep-16,43.44
21-Sep-16,45.34
22-Sep-16,46.32
23-Sep-16,44.48
26-Sep-16,45.93
27-Sep-16,44.67
28-Sep-16,47.05
29-Sep-16,47.83
30-Sep-16,48.24
3-Oct-16,48.81
4-Oct-16,48.69
5-Oct-16,49.83
6-Oct-16,50.44
7-Oct-16,49.81
10-Oct-16,51.35
11-Oct-16,50.79
12-Oct-16,50.18
13-Oct-16,50.44
14-Oct-16,50.35
17-Oct-16,49.94
18-Oct-16,50.29
19-Oct-16,51.6
20-Oct-16,50.43
21-Oct-16,50.85
24-Oct-16,50.52
25-Oct-16,49.96
26-Oct-16,49.18
27-Oct-16,49.72
28-Oct-16,48.7
31-Oct-16,46.86
1-Nov-16,46.67
2-Nov-16,45.34
3-Nov-16,44.66
4-Nov-16,44.07
7-Nov-16,44.89
8-Nov-16,44.98
9-Nov-16,45.27
10-Nov-16,44.66
11-Nov-16,43.41
14-Nov-16,43.32
15-Nov-16,45.81
16-Nov-16,45.57
17-Nov-16,45.42
18-Nov-16,45.69
21-Nov-16,47.49
22-Nov-16,48.03
23-Nov-16,47.96
25-Nov-16,46.06
28-Nov-16,47.08
29-Nov-16,45.23
30-Nov-16,49.44
1-Dec-16,51.06
2-Dec-16,51.68
5-Dec-16,51.79
6-Dec-16,50.93
7-Dec-16,49.77
8-Dec-16,50.84
9-Dec-16,51.5
12-Dec-16,52.83
13-Dec-16,52.98
14-Dec-16,51.04
15-Dec-16,50.9
16-Dec-16,51.9
19-Dec-16,52.12
20-Dec-16,52.23
21-Dec-16,52.49
22-Dec-16,52.95
23-Dec-16,53.02
27-Dec-16,53.9
28-Dec-16,54.06
29-Dec-16,53.77
30-Dec-16,53.72
3-Jan-17,52.33
4-Jan-17,53.26
5-Jan-17,53.76
6-Jan-17,53.99
9-Jan-17,51.96
10-Jan-17,50.82
11-Jan-17,52.25
12-Jan-17,53.01
13-Jan-17,52.37
17-Jan-17,52.48
18-Jan-17,51.08
19-Jan-17,51.37
20-Jan-17,52.42
23-Jan-17,52.75
24-Jan-17,53.18
25-Jan-17,52.75
26-Jan-17,53.78
27-Jan-17,53.17
30-Jan-17,52.63
31-Jan-17,52.81
1-Feb-17,53.88
2-Feb-17,53.54
3-Feb-17,53.83
6-Feb-17,53.01
7-Feb-17,52.17
8-Feb-17,52.34
9-Feb-17,53
10-Feb-17,53.86
13-Feb-17,52.93
14-Feb-17,53.2
15-Feb-17,53.11
16-Feb-17,53.36
17-Feb-17,53.4
21-Feb-17,54.06
22-Feb-17,53.59
23-Feb-17,54.45
24-Feb-17,53.99
27-Feb-17,54.05
28-Feb-17,54.01
1-Mar-17,53.83
2-Mar-17,52.61
3-Mar-17,53.33
6-Mar-17,53.2
7-Mar-17,53.14
8-Mar-17,50.28
9-Mar-17,49.28
10-Mar-17,48.49
13-Mar-17,48.4
14-Mar-17,47.72
15-Mar-17,48.86
16-Mar-17,48.75
17-Mar-17,48.78
20-Mar-17,48.22
21-Mar-17,47.34
22-Mar-17,48.04
23-Mar-17,47.7
24-Mar-17,47.97
27-Mar-17,47.73
28-Mar-17,48.37
29-Mar-17,49.51
30-Mar-17,50.35
31-Mar-17,50.6
3-Apr-17,50.24
4-Apr-17,51.03
5-Apr-17,51.15
6-Apr-17,51.7
7-Apr-17,52.24
10-Apr-17,53.08
11-Apr-17,53.4
12-Apr-17,53.11
13-Apr-17,53.18
17-Apr-17,52.65
18-Apr-17,52.41
19-Apr-17,50.44
20-Apr-17,50.27
21-Apr-17,49.62
24-Apr-17,49.23
25-Apr-17,49.56
26-Apr-17,49.62
27-Apr-17,48.97
28-Apr-17,49.33
1-May-17,48.84
2-May-17,47.66
3-May-17,47.82
4-May-17,45.52
5-May-17,46.22
8-May-17,46.43
9-May-17,45.88
10-May-17,47.33
11-May-17,47.83
12-May-17,47.84
15-May-17,48.85
16-May-17,48.66
17-May-17,49.07
18-May-17,49.35
19-May-17,50.33
22-May-17,50.73
23-May-17,51.47
24-May-17,51.36
25-May-17,48.9
26-May-17,49.8
30-May-17,49.66
31-May-17,48.32
1-Jun-17,48.36
2-Jun-17,47.66
5-Jun-17,47.4
6-Jun-17,48.19
7-Jun-17,45.72
8-Jun-17,45.64
9-Jun-17,45.83
12-Jun-17,46.08
13-Jun-17,46.46
14-Jun-17,44.73
15-Jun-17,44.46
16-Jun-17,44.74
19-Jun-17,44.2
20-Jun-17,43.23
21-Jun-17,42.53
22-Jun-17,42.74
23-Jun-17,43.01
26-Jun-17,43.38
27-Jun-17,44.24
28-Jun-17,44.74
29-Jun-17,44.93
30-Jun-17,46.04
3-Jul-17,47.07
5-Jul-17,45.13
6-Jul-17,45.52
7-Jul-17,44.23
10-Jul-17,44.4
11-Jul-17,45.04
12-Jul-17,45.49
13-Jul-17,46.08
14-Jul-17,46.54
17-Jul-17,46.02
18-Jul-17,46.4
19-Jul-17,47.12
20-Jul-17,46.79
21-Jul-17,45.77
24-Jul-17,46.34
25-Jul-17,47.89
26-Jul-17,48.75
27-Jul-17,49.04
28-Jul-17,49.71
31-Jul-17,50.17
1-Aug-17,49.16
2-Aug-17,49.59
3-Aug-17,49.03
4-Aug-17,49.58
7-Aug-17,49.39
8-Aug-17,49.17
9-Aug-17,49.56
10-Aug-17,48.59
11-Aug-17,48.82
14-Aug-17,47.59
15-Aug-17,47.55
16-Aug-17,46.78
17-Aug-17,47.09
18-Aug-17,48.51
21-Aug-17,47.37
22-Aug-17,47.64
23-Aug-17,48.41
24-Aug-17,47.43
25-Aug-17,47.87
28-Aug-17,46.57
29-Aug-17,46.44
30-Aug-17,45.96
31-Aug-17,47.23
1-Sep-17,47.29
5-Sep-17,48.66
6-Sep-17,49.16
7-Sep-17,49.09
8-Sep-17,47.48
11-Sep-17,48.07
12-Sep-17,48.23
13-Sep-17,49.3
14-Sep-17,49.89
15-Sep-17,49.89
18-Sep-17,49.91
19-Sep-17,49.48
20-Sep-17,50.41
21-Sep-17,50.55
22-Sep-17,50.66
25-Sep-17,52.22
26-Sep-17,51.88
27-Sep-17,52.14
28-Sep-17,51.56
29-Sep-17,51.67
2-Oct-17,50.58
3-Oct-17,50.42
4-Oct-17,49.98
5-Oct-17,50.79
6-Oct-17,49.29
9-Oct-17,49.58
10-Oct-17,50.92
11-Oct-17,51.3
12-Oct-17,50.6
13-Oct-17,51.45
16-Oct-17,51.87
17-Oct-17,51.88
18-Oct-17,52.04
19-Oct-17,51.29
20-Oct-17,51.47
23-Oct-17,51.9
24-Oct-17,52.47
25-Oct-17,52.18
26-Oct-17,52.64
27-Oct-17,53.9
30-Oct-17,54.15
31-Oct-17,54.38
1-Nov-17,54.3
2-Nov-17,54.54
3-Nov-17,55.64
6-Nov-17,57.35
7-Nov-17,57.2
8-Nov-17,56.81
9-Nov-17,57.17
10-Nov-17,56.74
13-Nov-17,56.76
14-Nov-17,55.7
15-Nov-17,55.33
16-Nov-17,55.14
17-Nov-17,56.55
20-Nov-17,56.09
21-Nov-17,56.83
22-Nov-17,58.02
24-Nov-17,58.95
27-Nov-17,58.11
28-Nov-17,57.99
29-Nov-17,57.3
30-Nov-17,57.4
1-Dec-17,58.36
4-Dec-17,57.47
5-Dec-17,57.62
6-Dec-17,55.96
7-Dec-17,56.69
8-Dec-17,57.36
11-Dec-17,57.99
12-Dec-17,57.14
13-Dec-17,56.6
14-Dec-17,57.04
15-Dec-17,57.3
18-Dec-17,57.16
19-Dec-17,57.46
20-Dec-17,58.09
21-Dec-17,58.36
22-Dec-17,58.47
26-Dec-17,59.97
27-Dec-17,59.64
28-Dec-17,59.84
29-Dec-17,60.42
2-Jan-18,60.37
3-Jan-18,61.63
4-Jan-18,62.01
5-Jan-18,61.44
8-Jan-18,61.73
9-Jan-18,62.96
10-Jan-18,63.57
11-Jan-18,63.8
12-Jan-18,64.3
16-Jan-18,63.73
17-Jan-18,63.97
18-Jan-18,63.95
19-Jan-18,63.37
22-Jan-18,63.49
23-Jan-18,64.47
24-Jan-18,65.61
25-Jan-18,65.51
26-Jan-18,66.14
29-Jan-18,65.56
30-Jan-18,64.5
31-Jan-18,64.73
1-Feb-18,65.8
2-Feb-18,65.45
5-Feb-18,64.15
6-Feb-18,63.39
7-Feb-18,61.79
8-Feb-18,61.15
9-Feb-18,59.2
12-Feb-18,59.29
13-Feb-18,59.19
14-Feb-18,60.6
15-Feb-18,61.34
16-Feb-18,61.68
20-Feb-18,61.9
21-Feb-18,61.68
22-Feb-18,62.77
23-Feb-18,63.55
26-Feb-18,63.91
27-Feb-18,63.01
28-Feb-18,61.64
1-Mar-18,60.99
2-Mar-18,61.25
5-Mar-18,62.57
6-Mar-18,62.6
7-Mar-18,61.15
8-Mar-18,60.12
9-Mar-18,62.04
12-Mar-18,61.36
13-Mar-18,60.71
14-Mar-18,60.96
15-Mar-18,61.19
16-Mar-18,62.34
19-Mar-18,62.06
20-Mar-18,63.4
21-Mar-18,65.17
22-Mar-18,64.3
23-Mar-18,65.88
26-Mar-18,65.55
27-Mar-18,65.25
28-Mar-18,64.38
29-Mar-18,64.94
2-Apr-18,63.01
3-Apr-18,63.51
4-Apr-18,63.37
5-Apr-18,63.54
6-Apr-18,62.06
9-Apr-18,63.42
10-Apr-18,65.51
11-Apr-18,66.82
12-Apr-18,67.07
13-Apr-18,67.39
16-Apr-18,66.22
17-Apr-18,66.52
18-Apr-18,68.47
19-Apr-18,68.29
20-Apr-18,68.38
23-Apr-18,68.64
24-Apr-18,67.7
25-Apr-18,68.05
26-Apr-18,68.19
27-Apr-18,68.1
30-Apr-18,68.57
1-May-18,67.25
2-May-18,67.93
3-May-18,68.43
4-May-18,69.72
7-May-18,70.73
8-May-18,69.06
9-May-18,71.14
10-May-18,71.36
11-May-18,70.7
14-May-18,70.96
15-May-18,71.31
16-May-18,71.49
17-May-18,71.49
18-May-18,71.28
21-May-18,72.24
22-May-18,72.13
23-May-18,71.84
24-May-18,70.71
25-May-18,67.88
29-May-18,66.73
30-May-18,68.21
31-May-18,67.04
1-Jun-18,65.81
4-Jun-18,64.75
5-Jun-18,65.52
6-Jun-18,64.73
7-Jun-18,65.95
8-Jun-18,65.74
11-Jun-18,66.1
12-Jun-18,66.36
13-Jun-18,66.64
14-Jun-18,66.89
15-Jun-18,65.06
18-Jun-18,65.85
19-Jun-18,65.07
20-Jun-18,66.22
21-Jun-18,65.54
22-Jun-18,68.58
25-Jun-18,68.08
26-Jun-18,70.53
27-Jun-18,72.76
28-Jun-18,73.45
29-Jun-18,74.15
2-Jul-18,73.94
3-Jul-18,74.14
5-Jul-18,72.94
6-Jul-18,73.8
9-Jul-18,73.85
10-Jul-18,74.11
11-Jul-18,70.38
12-Jul-18,70.33
13-Jul-18,71.01
16-Jul-18,68.06
17-Jul-18,68.08
18-Jul-18,68.76
19-Jul-18,69.46
20-Jul-18,70.46
23-Jul-18,67.89
24-Jul-18,68.52
25-Jul-18,69.3
26-Jul-18,69.61
27-Jul-18,68.69
30-Jul-18,70.13
31-Jul-18,68.76
1-Aug-18,67.66
2-Aug-18,68.96
3-Aug-18,68.49
6-Aug-18,69.01
7-Aug-18,69.17
8-Aug-18,66.94
9-Aug-18,66.81
10-Aug-18,67.63
13-Aug-18,67.2
14-Aug-18,67.04
15-Aug-18,65.01
16-Aug-18,65.46
17-Aug-18,65.91
20-Aug-18,66.43
21-Aug-18,67.35
22-Aug-18,67.86
23-Aug-18,67.83
24-Aug-18,68.72
27-Aug-18,68.87
28-Aug-18,68.53
29-Aug-18,69.51
30-Aug-18,70.25
31-Aug-18,69.8
4-Sep-18,69.87
5-Sep-18,68.72
6-Sep-18,67.77
7-Sep-18,67.75
10-Sep-18,67.54
11-Sep-18,69.25
12-Sep-18,70.37
13-Sep-18,68.59
14-Sep-18,68.99
17-Sep-18,68.91
18-Sep-18,69.85
19-Sep-18,71.12
20-Sep-18,70.8
21-Sep-18,70.78
24-Sep-18,72.08
25-Sep-18,72.28
26-Sep-18,71.57
27-Sep-18,72.12
28-Sep-18,73.25
1-Oct-18,75.3
2-Oct-18,75.23
3-Oct-18,76.41
4-Oct-18,74.33
5-Oct-18,74.34
8-Oct-18,74.29
9-Oct-18,74.96
10-Oct-18,73.17
11-Oct-18,70.97
12-Oct-18,71.34
15-Oct-18,71.78
16-Oct-18,71.92
17-Oct-18,69.75
18-Oct-18,68.65
19-Oct-18,69.12
22-Oct-18,69.17
23-Oct-18,66.43
24-Oct-18,66.82
25-Oct-18,67.33
26-Oct-18,67.59
29-Oct-18,67.04
30-Oct-18,66.18
31-Oct-18,65.31
1-Nov-18,63.69
2-Nov-18,63.14
5-Nov-18,63.1
6-Nov-18,62.21
7-Nov-18,61.67
8-Nov-18,60.67
9-Nov-18,60.19
12-Nov-18,59.93
13-Nov-18,55.69
14-Nov-18,56.25
15-Nov-18,56.46
16-Nov-18,56.46
19-Nov-18,56.76
20-Nov-18,53.43
21-Nov-18,54.63
23-Nov-18,50.42
26-Nov-18,51.63
27-Nov-18,51.56
28-Nov-18,50.29
29-Nov-18,51.45
30-Nov-18,50.93
3-Dec-18,52.95
4-Dec-18,53.25
5-Dec-18,52.89
6-Dec-18,51.49
7-Dec-18,52.61
10-Dec-18,51
11-Dec-18,51.65
12-Dec-18,51.15
13-Dec-18,52.58
14-Dec-18,51.2
17-Dec-18,49.88
18-Dec-18,46.24
19-Dec-18,47.2
20-Dec-18,45.88
21-Dec-18,45.59
24-Dec-18,42.53
26-Dec-18,46.22
27-Dec-18,44.61
28-Dec-18,45.33
31-Dec-18,45.41
2-Jan-19,46.54
3-Jan-19,47.09
4-Jan-19,47.96
7-Jan-19,48.52
8-Jan-19,49.78
9-Jan-19,52.36
10-Jan-19,52.59
11-Jan-19,51.59
14-Jan-19,50.51
15-Jan-19,52.11
16-Jan-19,52.31
17-Jan-19,52.07
18-Jan-19,53.8
22-Jan-19,52.57
23-Jan-19,52.62
24-Jan-19,53.13
25-Jan-19,53.69
28-Jan-19,51.99
29-Jan-19,53.31
30-Jan-19,54.23
31-Jan-19,53.79
1-Feb-19,55.26
4-Feb-19,54.56
5-Feb-19,53.66
6-Feb-19,54.01
7-Feb-19,52.64
8-Feb-19,52.72
11-Feb-19,52.41
12-Feb-19,53.1
13-Feb-19,53.9
14-Feb-19,54.41
15-Feb-19,55.59
19-Feb-19,56.09
20-Feb-19,56.92
21-Feb-19,56.96
22-Feb-19,57.26
25-Feb-19,55.48
26-Feb-19,55.5
27-Feb-19,56.94
28-Feb-19,57.22
1-Mar-19,55.8
4-Mar-19,56.59
5-Mar-19,56.56
6-Mar-19,56.22
7-Mar-19,56.66
8-Mar-19,56.07
11-Mar-19,56.79
12-Mar-19,56.87
13-Mar-19,58.26
14-Mar-19,58.61
15-Mar-19,58.52
18-Mar-19,59.09
19-Mar-19,59.03
20-Mar-19,59.83
21-Mar-19,59.98
22-Mar-19,59.04
25-Mar-19,58.82
26-Mar-19,59.94
27-Mar-19,59.41
28-Mar-19,59.3
29-Mar-19,60.14
1-Apr-19,61.59
2-Apr-19,62.58
3-Apr-19,62.46
4-Apr-19,62.1
5-Apr-19,63.08
8-Apr-19,64.4
9-Apr-19,63.98
10-Apr-19,64.61
11-Apr-19,63.58
12-Apr-19,63.89
15-Apr-19,63.4
16-Apr-19,64.05
17-Apr-19,63.76
18-Apr-19,64
22-Apr-19,65.7
23-Apr-19,66.3
24-Apr-19,65.89
25-Apr-19,65.21
26-Apr-19,63.3
29-Apr-19,63.5
30-Apr-19,63.91
1-May-19,63.6
2-May-19,61.81
3-May-19,61.94
6-May-19,62.25
7-May-19,61.4
8-May-19,62.12
9-May-19,61.7
10-May-19,61.66
13-May-19,61.04
14-May-19,61.78
15-May-19,62.02
16-May-19,62.87
17-May-19,62.76
20-May-19,63.1
21-May-19,62.99
22-May-19,61.42
23-May-19,57.91
24-May-19,58.63
28-May-19,59.14
29-May-19,58.81
30-May-19,56.59
31-May-19,53.5
3-Jun-19,53.25
4-Jun-19,53.48
5-Jun-19,51.68
6-Jun-19,52.59
7-Jun-19,53.99
10-Jun-19,53.26
11-Jun-19,53.27
12-Jun-19,51.14
13-Jun-19,52.28
14-Jun-19,52.51
17-Jun-19,51.93
18-Jun-19,53.9
19-Jun-19,53.76
20-Jun-19,56.65
21-Jun-19,57.43
24-Jun-19,57.9
25-Jun-19,57.83
26-Jun-19,59.38
27-Jun-19,59.43
28-Jun-19,58.47
1-Jul-19,59.09
2-Jul-19,56.25
3-Jul-19,57.34
5-Jul-19,57.51
8-Jul-19,57.66
9-Jul-19,57.83
10-Jul-19,60.43
11-Jul-19,60.2
12-Jul-19,60.21
15-Jul-19,59.58
16-Jul-19,57.62
17-Jul-19,56.78
18-Jul-19,55.3
19-Jul-19,55.63
22-Jul-19,56.22
23-Jul-19,56.77
24-Jul-19,55.88
25-Jul-19,56.02
26-Jul-19,56.2
29-Jul-19,56.87
30-Jul-19,58.05
31-Jul-19,58.58
1-Aug-19,53.95
2-Aug-19,55.66
5-Aug-19,54.69
6-Aug-19,53.63
7-Aug-19,51.09
8-Aug-19,52.54
9-Aug-19,54.5
12-Aug-19,54.93
13-Aug-19,57.1
14-Aug-19,55.23
15-Aug-19,54.47
16-Aug-19,54.87
19-Aug-19,56.21
20-Aug-19,56.34
21-Aug-19,55.68
22-Aug-19,55.35
23-Aug-19,54.17
26-Aug-19,53.64
27-Aug-19,54.93
28-Aug-19,55.78
29-Aug-19,56.71
30-Aug-19,55.1
3-Sep-19,53.94
4-Sep-19,56.26
5-Sep-19,56.3
6-Sep-19,56.52
9-Sep-19,57.85
10-Sep-19,57.4
11-Sep-19,55.75
12-Sep-19,55.09
13-Sep-19,54.85
16-Sep-19,62.9
17-Sep-19,59.34
18-Sep-19,58.11
19-Sep-19,58.13
20-Sep-19,58.09
23-Sep-19,58.64
24-Sep-19,57.29
25-Sep-19,56.49
26-Sep-19,56.41
27-Sep-19,55.91
30-Sep-19,54.07
1-Oct-19,53.62
2-Oct-19,52.64
3-Oct-19,52.45
4-Oct-19,52.81
7-Oct-19,52.75
8-Oct-19,52.63
9-Oct-19,52.59
10-Oct-19,53.55
11-Oct-19,54.7
14-Oct-19,53.59
15-Oct-19,52.81
16-Oct-19,53.36
17-Oct-19,53.93
18-Oct-19,53.78
21-Oct-19,53.31
22-Oct-19,54.16
23-Oct-19,55.97
24-Oct-19,56.23
25-Oct-19,56.66
28-Oct-19,55.81
29-Oct-19,55.54
30-Oct-19,55.06
31-Oct-19,54.18
1-Nov-19,56.2
4-Nov-19,56.54
5-Nov-19,57.23
6-Nov-19,56.35
7-Nov-19,57.15
8-Nov-19,57.24
11-Nov-19,56.86
12-Nov-19,56.8
13-Nov-19,57.12
14-Nov-19,56.77
15-Nov-19,57.72
18-Nov-19,57.05
19-Nov-19,55.21
20-Nov-19,57.11
21-Nov-19,58.58
22-Nov-19,57.77
25-Nov-19,58.01
26-Nov-19,58.41
27-Nov-19,58.11
29-Nov-19,55.17
2-Dec-19,55.96
3-Dec-19,56.1
4-Dec-19,58.43
5-Dec-19,58.43
6-Dec-19,59.2
9-Dec-19,59.02
10-Dec-19,59.24
11-Dec-19,58.76
12-Dec-19,59.18
13-Dec-19,60.07
16-Dec-19,60.21
17-Dec-19,60.94
18-Dec-19,60.93
19-Dec-19,61.22
20-Dec-19,60.44
23-Dec-19,60.52
24-Dec-19,61.11
26-Dec-19,61.68
27-Dec-19,61.72
30-Dec-19,61.68
31-Dec-19,61.06
2-Jan-20,61.18
3-Jan-20,63.05
6-Jan-20,63.27
7-Jan-20,62.7
8-Jan-20,59.61
9-Jan-20,59.56
10-Jan-20,59.04
13-Jan-20,58.08
14-Jan-20,58.23
15-Jan-20,57.81
16-Jan-20,58.52
17-Jan-20,58.54
21-Jan-20,58.34
22-Jan-20,56.74
23-Jan-20,55.59
24-Jan-20,54.19
27-Jan-20,53.14
28-Jan-20,53.48
29-Jan-20,53.33
30-Jan-20,52.14
31-Jan-20,51.56
3-Feb-20,50.11
4-Feb-20,49.61
5-Feb-20,50.75
6-Feb-20,50.95
7-Feb-20,50.32
10-Feb-20,49.57
11-Feb-20,49.94
12-Feb-20,51.17
13-Feb-20,51.42
14-Feb-20,52.05
18-Feb-20,52.05
19-Feb-20,53.29
20-Feb-20,53.78
21-Feb-20,53.38
24-Feb-20,51.43
25-Feb-20,49.9
26-Feb-20,48.73
27-Feb-20,47.09
28-Feb-20,44.76
2-Mar-20,46.75
3-Mar-20,47.18
4-Mar-20,46.78
5-Mar-20,45.9
6-Mar-20,41.28
9-Mar-20,31.13
10-Mar-20,34.36
11-Mar-20,32.98
12-Mar-20,31.5
13-Mar-20,31.73
16-Mar-20,28.7
17-Mar-20,26.95
18-Mar-20,20.37
19-Mar-20,25.22
20-Mar-20,22.43
23-Mar-20,23.36
24-Mar-20,24.01
25-Mar-20,24.49
26-Mar-20,22.6
27-Mar-20,21.51
30-Mar-20,20.09
31-Mar-20,20.48
1-Apr-20,20.31
2-Apr-20,25.32
3-Apr-20,28.34
6-Apr-20,26.08
7-Apr-20,23.63
8-Apr-20,25.09
9-Apr-20,22.76
13-Apr-20,22.41
14-Apr-20,20.11
15-Apr-20,19.87
16-Apr-20,19.87
17-Apr-20,18.27
20-Apr-20,-37.63
21-Apr-20,10.01
22-Apr-20,13.78
23-Apr-20,16.5
24-Apr-20,16.94
27-Apr-20,12.78
28-Apr-20,12.34
29-Apr-20,15.06
30-Apr-20,18.84
1-May-20,19.78
4-May-20,20.39
5-May-20,24.56
6-May-20,23.99
7-May-20,23.55
8-May-20,24.74
11-May-20,24.14
12-May-20,25.78
13-May-20,25.29
14-May-20,27.56
15-May-20,29.43
18-May-20,31.82
19-May-20,32.5
20-May-20,33.49
21-May-20,33.92
22-May-20,33.25
26-May-20,34.35
27-May-20,32.81
28-May-20,33.71
29-May-20,35.49
1-Jun-20,35.44
2-Jun-20,36.81
3-Jun-20,37.29
4-Jun-20,37.41
5-Jun-20,39.55
8-Jun-20,38.19
9-Jun-20,38.94
10-Jun-20,39.6
11-Jun-20,36.34
12-Jun-20,36.26
15-Jun-20,37.12
16-Jun-20,38.38
17-Jun-20,37.96
18-Jun-20,38.84
19-Jun-20,39.75
22-Jun-20,40.46
23-Jun-20,40.37
24-Jun-20,38.01
25-Jun-20,38.72
26-Jun-20,38.49
29-Jun-20,39.7
30-Jun-20,39.27
1-Jul-20,39.82
2-Jul-20,40.65
6-Jul-20,40.63
7-Jul-20,40.62
8-Jul-20,40.9
9-Jul-20,39.62
10-Jul-20,40.55
13-Jul-20,40.1
14-Jul-20,40.29
15-Jul-20,41.2
16-Jul-20,40.75
17-Jul-20,40.59
20-Jul-20,40.81
21-Jul-20,41.96
22-Jul-20,41.9
23-Jul-20,41.07
24-Jul-20,41.29
27-Jul-20,41.6
28-Jul-20,41.04
29-Jul-20,41.27
30-Jul-20,39.92
31-Jul-20,40.27
3-Aug-20,41.01
4-Aug-20,41.7
5-Aug-20,42.19
6-Aug-20,41.95
7-Aug-20,41.22
10-Aug-20,41.94
11-Aug-20,41.61
12-Aug-20,42.67
13-Aug-20,42.24
14-Aug-20,42.01
17-Aug-20,42.89
18-Aug-20,42.89
19-Aug-20,42.93
20-Aug-20,42.58
21-Aug-20,42.34
24-Aug-20,42.62
25-Aug-20,43.35
26-Aug-20,43.39
27-Aug-20,43.04
28-Aug-20,42.97
31-Aug-20,42.61
1-Sep-20,42.76
2-Sep-20,41.51
3-Sep-20,41.37
4-Sep-20,39.77
8-Sep-20,36.76
9-Sep-20,38.05
10-Sep-20,37.3
11-Sep-20,37.33
14-Sep-20,37.26
15-Sep-20,38.28
16-Sep-20,40.16
17-Sep-20,40.97
18-Sep-20,41.11
21-Sep-20,39.31
22-Sep-20,39.6
23-Sep-20,39.93
24-Sep-20,40.31
25-Sep-20,40.25
28-Sep-20,40.6
29-Sep-20,39.29
30-Sep-20,40.22
1-Oct-20,38.72
2-Oct-20,37.05
5-Oct-20,39.22
6-Oct-20,40.67
7-Oct-20,39.95
8-Oct-20,41.19
9-Oct-20,40.6
12-Oct-20,39.43
13-Oct-20,40.2
14-Oct-20,41.04
15-Oct-20,40.96
16-Oct-20,40.88
19-Oct-20,40.83
20-Oct-20,41.46
21-Oct-20,40.03
22-Oct-20,40.64
23-Oct-20,39.85
26-Oct-20,38.56
27-Oct-20,39.57
28-Oct-20,37.39
29-Oct-20,36.17
30-Oct-20,35.79
2-Nov-20,36.81
3-Nov-20,37.66
4-Nov-20,39.15
5-Nov-20,38.79
6-Nov-20,37.14
9-Nov-20,40.29
10-Nov-20,41.36
11-Nov-20,41.45
12-Nov-20,41.12
13-Nov-20,40.13
16-Nov-20,41.34
17-Nov-20,41.43
18-Nov-20,41.82
19-Nov-20,41.74
20-Nov-20,42.15
23-Nov-20,43.06
24-Nov-20,44.91
25-Nov-20,45.71
27-Nov-20,45.53
30-Nov-20,45.34
1-Dec-20,44.55
2-Dec-20,45.28
3-Dec-20,45.64
4-Dec-20,46.26
7-Dec-20,45.76
8-Dec-20,45.6
9-Dec-20,45.52
10-Dec-20,46.78
11-Dec-20,46.57
14-Dec-20,46.99
15-Dec-20,47.62
16-Dec-20,47.82
17-Dec-20,48.36
18-Dec-20,49.1
21-Dec-20,47.74
22-Dec-20,47.02
23-Dec-20,48.12
24-Dec-20,48.23
28-Dec-20,47.62
29-Dec-20,48
30-Dec-20,48.4
31-Dec-20,48.52
4-Jan-21,47.62
5-Jan-21,49.93
6-Jan-21,50.63
7-Jan-21,50.83
8-Jan-21,52.24
11-Jan-21,52.25
12-Jan-21,53.21
13-Jan-21,52.91
14-Jan-21,53.57
15-Jan-21,52.36
19-Jan-21,52.98
20-Jan-21,53.24
21-Jan-21,53.13
22-Jan-21,52.27
25-Jan-21,52.77
26-Jan-21,52.61
27-Jan-21,52.85
28-Jan-21,52.34
29-Jan-21,52.2
1-Feb-21,53.55
2-Feb-21,54.76
3-Feb-21,55.69
4-Feb-21,56.23
5-Feb-21,56.85
8-Feb-21,57.97
9-Feb-21,58.36
10-Feb-21,58.68
11-Feb-21,58.24
12-Feb-21,59.47
16-Feb-21,60.05
17-Feb-21,61.14
18-Feb-21,60.52
19-Feb-21,59.24
22-Feb-21,61.49
23-Feb-21,61.67
24-Feb-21,63.22
25-Feb-21,63.53
26-Feb-21,61.5
1-Mar-21,60.64
2-Mar-21,59.75
3-Mar-21,61.28
4-Mar-21,63.83
5-Mar-21,66.09
8-Mar-21,65.05
9-Mar-21,64.01
10-Mar-21,64.44
11-Mar-21,66.02
12-Mar-21,65.61
15-Mar-21,65.39
16-Mar-21,64.8
17-Mar-21,64.6
18-Mar-21,60
19-Mar-21,61.42
22-Mar-21,61.55
23-Mar-21,57.76
24-Mar-21,61.18
25-Mar-21,58.56
26-Mar-21,60.97
29-Mar-21,61.56
30-Mar-21,60.55
31-Mar-21,59.16
1-Apr-21,61.45
2-Apr-21,61.45
5-Apr-21,58.65
6-Apr-21,59.33
7-Apr-21,59.77
8-Apr-21,59.6
9-Apr-21,59.32
12-Apr-21,59.7
13-Apr-21,60.18
14-Apr-21,63.15
15-Apr-21,63.46
16-Apr-21,63.13
19-Apr-21,63.38
20-Apr-21,62.44
21-Apr-21,61.35
22-Apr-21,61.43
23-Apr-21,62.14
26-Apr-21,61.91
27-Apr-21,62.94
28-Apr-21,63.86
29-Apr-21,65.01
30-Apr-21,63.58
3-May-21,64.49
4-May-21,65.69
5-May-21,65.63
6-May-21,64.71
7-May-21,64.9
10-May-21,64.92
11-May-21,65.28
12-May-21,66.08
13-May-21,63.82
14-May-21,65.37
17-May-21,66.27
18-May-21,65.49
19-May-21,63.36
20-May-21,62.05
21-May-21,63.58
24-May-21,66.05
25-May-21,66.07
26-May-21,66.21
27-May-21,66.85
28-May-21,66.32
1-Jun-21,67.72
2-Jun-21,68.83
3-Jun-21,68.81
4-Jun-21,69.62
7-Jun-21,69.23
8-Jun-21,70.05
9-Jun-21,69.96
10-Jun-21,70.29
11-Jun-21,70.91
14-Jun-21,70.88
15-Jun-21,72.12
16-Jun-21,72.15
17-Jun-21,71.04
18-Jun-21,71.64
21-Jun-21,73.66
22-Jun-21,73.06
23-Jun-21,73.08
24-Jun-21,73.3
25-Jun-21,74.05
28-Jun-21,72.91
29-Jun-21,72.98
30-Jun-21,73.47
1-Jul-21,75.23
2-Jul-21,75.16
6-Jul-21,73.37
7-Jul-21,72.2
8-Jul-21,72.94
9-Jul-21,74.56
12-Jul-21,74.1
13-Jul-21,75.25
14-Jul-21,73.13
15-Jul-21,71.65
16-Jul-21,71.81
19-Jul-21,66.42
20-Jul-21,67.42
21-Jul-21,70.3
22-Jul-21,71.91
23-Jul-21,72.07
26-Jul-21,71.91
27-Jul-21,71.65
28-Jul-21,72.39
29-Jul-21,73.62
30-Jul-21,73.95
2-Aug-21,71.26
3-Aug-21,70.56
4-Aug-21,68.15
5-Aug-21,69.09
6-Aug-21,68.28
9-Aug-21,66.48
10-Aug-21,68.29
11-Aug-21,69.25
12-Aug-21,69.09
13-Aug-21,68.44
16-Aug-21,67.29
17-Aug-21,66.59
18-Aug-21,65.46
19-Aug-21,63.69
20-Aug-21,62.32
23-Aug-21,65.64
24-Aug-21,67.54
25-Aug-21,68.36
26-Aug-21,67.42
27-Aug-21,68.74
30-Aug-21,69.21
31-Aug-21,68.5
1-Sep-21,68.59
2-Sep-21,69.99
3-Sep-21,69.29
7-Sep-21,68.35
8-Sep-21,69.3
9-Sep-21,68.14
10-Sep-21,69.72
13-Sep-21,70.45
14-Sep-21,70.46
15-Sep-21,72.61
16-Sep-21,72.61
17-Sep-21,71.97
20-Sep-21,70.29
21-Sep-21,70.56
22-Sep-21,72.23
23-Sep-21,73.3
24-Sep-21,73.98
27-Sep-21,75.45
28-Sep-21,75.29
29-Sep-21,74.83
30-Sep-21,75.03
1-Oct-21,75.88
4-Oct-21,77.62
5-Oct-21,78.93
6-Oct-21,77.43
7-Oct-21,78.3
8-Oct-21,79.35
11-Oct-21,80.52
12-Oct-21,80.64
13-Oct-21,80.44
14-Oct-21,81.31
15-Oct-21,82.28
18-Oct-21,82.44
19-Oct-21,82.96
20-Oct-21,83.87
21-Oct-21,82.5
22-Oct-21,83.76
25-Oct-21,83.76
26-Oct-21,84.65
27-Oct-21,82.66
28-Oct-21,82.81
29-Oct-21,83.57
1-Nov-21,84.05
2-Nov-21,83.91
3-Nov-21,80.86
4-Nov-21,78.81
5-Nov-21,81.27
8-Nov-21,81.93
9-Nov-21,84.15
10-Nov-21,81.34
11-Nov-21,81.59
12-Nov-21,80.79
15-Nov-21,80.88
16-Nov-21,80.76
17-Nov-21,78.36
18-Nov-21,79.01
19-Nov-21,76.1
22-Nov-21,76.75
23-Nov-21,78.5
24-Nov-21,78.39
26-Nov-21,68.15
29-Nov-21,69.95
30-Nov-21,66.18
1-Dec-21,65.57
2-Dec-21,66.5
3-Dec-21,66.26
6-Dec-21,69.49
7-Dec-21,72.05
8-Dec-21,72.36
9-Dec-21,70.94
10-Dec-21,71.67
13-Dec-21,71.29
14-Dec-21,70.73
15-Dec-21,70.87
16-Dec-21,72.38
17-Dec-21,70.86
20-Dec-21,68.23
21-Dec-21,71.12
22-Dec-21,72.76
23-Dec-21,73.79
27-Dec-21,75.57
28-Dec-21,75.98
29-Dec-21,76.56
30-Dec-21,76.99
31-Dec-21,75.21
3-Jan-22,76.08
4-Jan-22,76.99
5-Jan-22,77.85
6-Jan-22,79.46
7-Jan-22,78.9
10-Jan-22,78.23
11-Jan-22,81.22
12-Jan-22,82.64
13-Jan-22,82.12
14-Jan-22,83.82
18-Jan-22,85.43
19-Jan-22,86.96
20-Jan-22,86.9
21-Jan-22,85.14
24-Jan-22,83.31
25-Jan-22,85.6
26-Jan-22,87.35
27-Jan-22,86.61
28-Jan-22,86.82
31-Jan-22,88.15
1-Feb-22,88.2
2-Feb-22,88.26
3-Feb-22,90.27
4-Feb-22,92.31
7-Feb-22,91.32
8-Feb-22,89.36
9-Feb-22,89.66
10-Feb-22,89.88
11-Feb-22,93.1
14-Feb-22,95.46
15-Feb-22,92.07
16-Feb-22,93.66
17-Feb-22,91.76
18-Feb-22,91.07
22-Feb-22,92.35
23-Feb-22,92.1
24-Feb-22,92.81
25-Feb-22,91.59
28-Feb-22,95.72
1-Mar-22,103.41
2-Mar-22,110.6
3-Mar-22,107.67
4-Mar-22,115.68
7-Mar-22,119.4
8-Mar-22,123.7
9-Mar-22,108.7
10-Mar-22,106.02
11-Mar-22,109.33
14-Mar-22,103.01
15-Mar-22,96.44
16-Mar-22,95.04
17-Mar-22,102.98
18-Mar-22,104.7
21-Mar-22,112.12
22-Mar-22,111.76
23-Mar-22,114.93
24-Mar-22,112.34
25-Mar-22,113.9
28-Mar-22,105.96
29-Mar-22,104.24
30-Mar-22,107.82
31-Mar-22,100.28
1-Apr-22,99.27
4-Apr-22,103.28
5-Apr-22,101.96
6-Apr-22,96.23
7-Apr-22,96.03
